flight_id,origin,destination,departure_date,departure_time,base_fare_cad,capacity,seats_remaining,demand_score,demand_level,season,is_weekend
PA0001,YUL,YYZ,2026-09-24,18:35,110.46,180,0,1.32,high,regular,False
PA0002,YWG,YYZ,2026-10-10,16:10,146.71,220,1,1.05,medium,regular,True
PA0003,YHZ,YUL,2026-09-24,16:10,132.83,150,150,0.81,low,regular,False
PA0004,YYC,YEG,2027-02-15,10:45,93.53,120,84,0.88,low,regular,False
PA0005,YYZ,YHZ,2026-10-27,08:15,165.21,180,46,1.08,medium,regular,False
PA0006,YYC,YVR,2027-02-19,10:45,136.83,120,86,1.03,medium,regular,False
PA0007,YVR,YEG,2026-10-08,16:10,123.32,180,37,0.88,low,regular,False
PA0008,YUL,YHZ,2026-11-06,18:35,129.31,120,36,0.9,low,shoulder,False
PA0009,YYZ,YUL,2026-11-16,21:05,128.02,120,61,1.29,high,shoulder,False
PA0010,YYC,YYZ,2026-12-21,10:45,228.08,150,92,1.14,medium,peak,False
PA0011,YYZ,YUL,2027-02-20,18:35,119.09,150,118,1.33,high,regular,True
PA0012,YYZ,YHZ,2027-02-28,18:35,179.38,150,119,0.95,medium,regular,True
PA0013,YOW,YYZ,2026-09-26,21:05,113.68,180,51,1.16,high,regular,True
PA0014,YUL,YHZ,2026-12-07,08:15,133.89,220,152,1.11,medium,peak,False
PA0015,YYZ,YHZ,2026-10-23,08:15,172.84,180,61,0.95,medium,regular,False
PA0016,YYC,YVR,2026-11-13,08:15,115.24,220,82,1.09,medium,shoulder,False
PA0017,YYC,YYZ,2027-03-11,13:20,218.59,120,99,1.25,high,regular,False
PA0018,YYZ,YHZ,2027-02-06,21:05,183.08,120,84,1.05,medium,regular,True
PA0019,YYZ,YHZ,2027-03-01,10:45,153.11,120,86,1.08,medium,regular,False
PA0020,YYZ,YHZ,2027-01-24,21:05,174.26,150,103,1.16,high,peak,True
PA0021,YYZ,YWG,2027-02-20,08:15,169.06,150,113,1.07,medium,regular,True
PA0022,YYZ,YWG,2026-09-18,16:10,150.75,180,51,0.98,medium,regular,False
PA0023,YHZ,YYZ,2026-11-18,06:30,155.91,150,31,0.85,low,shoulder,False
PA0024,YEG,YYC,2026-10-05,21:05,95.95,150,27,1.0,medium,regular,False
PA0025,YYZ,YHZ,2027-01-31,21:05,178.68,220,85,1.12,medium,peak,True
PA0026,YYZ,YOW,2026-12-06,13:20,97.04,180,110,1.25,high,peak,True
PA0027,YOW,YYZ,2026-10-04,10:45,99.12,120,42,1.11,medium,regular,True
PA0028,YYZ,YUL,2027-02-26,06:30,115.93,150,101,1.29,high,regular,False
PA0029,YYZ,YWG,2026-11-17,10:45,168.5,220,88,0.97,medium,shoulder,False
PA0030,YUL,YHZ,2027-02-12,13:20,126.64,150,97,0.79,low,regular,False
PA0031,YUL,YYZ,2027-03-05,13:20,125.5,180,147,1.32,high,regular,False
PA0032,YUL,YYZ,2026-10-03,13:20,112.6,180,46,1.3,high,regular,True
PA0033,YWG,YYZ,2027-01-10,08:15,166.61,220,117,1.19,high,peak,True
PA0034,YYZ,YUL,2027-01-09,21:05,128.06,120,18,1.45,high,peak,True
PA0035,YYZ,YUL,2026-11-17,08:15,117.62,220,110,1.23,high,shoulder,False
PA0036,YVR,YYZ,2026-10-30,13:20,274.77,120,32,1.22,high,regular,False
PA0037,YYC,YEG,2026-11-30,13:20,103.91,220,88,0.94,low,shoulder,False
PA0038,YUL,YHZ,2027-02-03,06:30,135.08,180,93,0.97,medium,regular,False
PA0039,YYZ,YWG,2026-10-28,06:30,141.61,120,39,0.96,medium,regular,False
PA0040,YOW,YYZ,2026-12-30,06:30,96.22,150,87,1.14,medium,peak,False
PA0041,YUL,YHZ,2027-02-09,16:10,140.84,180,110,0.91,low,regular,False
PA0042,YOW,YYZ,2026-11-24,13:20,101.14,150,73,0.97,medium,shoulder,False
PA0043,YYZ,YUL,2026-09-20,13:20,114.36,120,19,1.36,high,regular,True
PA0044,YYC,YVR,2026-10-05,08:15,126.08,180,55,1.21,high,regular,False
PA0045,YHZ,YYZ,2027-02-21,21:05,184.68,120,93,1.0,medium,regular,True
PA0046,YUL,YYZ,2026-10-22,10:45,111.73,120,22,1.2,high,regular,False
PA0047,YHZ,YYZ,2027-02-19,08:15,161.98,180,117,1.14,medium,regular,False
PA0048,YEG,YYC,2026-11-21,21:05,90.76,120,39,0.99,medium,shoulder,True
PA0049,YYZ,YVR,2026-12-12,21:05,272.54,150,83,1.31,high,peak,True
PA0050,YWG,YYZ,2027-01-05,16:10,160.92,120,42,1.17,high,peak,False
PA0051,YYZ,YYC,2027-02-04,06:30,203.61,180,131,1.16,high,regular,False
PA0052,YHZ,YYZ,2026-12-20,21:05,161.48,120,55,1.13,medium,peak,True
PA0053,YUL,YYZ,2026-12-17,21:05,130.22,220,69,1.33,high,peak,False
PA0054,YOW,YYZ,2026-10-29,21:05,109.97,150,50,1.07,medium,regular,False
PA0055,YVR,YYC,2027-01-01,21:05,115.2,150,87,1.34,high,peak,False
PA0056,YVR,YYZ,2027-01-16,08:15,249.87,150,83,1.28,high,peak,True
PA0057,YOW,YYZ,2026-11-14,06:30,95.96,150,73,1.13,medium,shoulder,True
PA0058,YYZ,YHZ,2026-12-16,18:35,164.26,220,134,0.96,medium,peak,False
PA0059,YYZ,YVR,2026-10-17,10:45,235.99,150,93,1.18,high,regular,True
PA0060,YHZ,YUL,2027-01-07,10:45,124.62,180,161,1.09,medium,peak,False
PA0061,YUL,YHZ,2026-11-05,10:45,146.49,120,45,0.88,low,shoulder,False
PA0062,YWG,YYZ,2027-03-12,18:35,160.09,150,110,1.0,medium,regular,False
PA0063,YVR,YYC,2027-02-24,10:45,120.23,120,86,1.06,medium,regular,False
PA0064,YEG,YVR,2026-12-10,13:20,118.79,180,101,1.03,medium,peak,False
PA0065,YVR,YEG,2027-03-10,18:35,116.1,150,116,0.94,low,regular,False
PA0066,YYZ,YVR,2026-12-04,10:45,268.04,150,92,1.34,high,peak,False
PA0067,YYC,YEG,2027-01-09,13:20,103.74,150,120,1.05,medium,peak,True
PA0068,YYC,YYZ,2027-03-05,06:30,212.75,180,156,1.17,high,regular,False
PA0069,YOW,YYZ,2027-03-09,10:45,95.47,150,101,1.04,medium,regular,False
PA0070,YEG,YYC,2027-02-21,21:05,96.44,120,113,1.04,medium,regular,True
PA0071,YVR,YEG,2027-01-22,13:20,124.03,150,77,1.15,high,peak,False
PA0072,YUL,YYZ,2027-01-04,08:15,119.15,150,76,1.23,high,peak,False
PA0073,YWG,YYZ,2026-11-20,21:05,160.19,120,76,0.97,medium,shoulder,False
PA0074,YWG,YYZ,2027-02-17,10:45,155.15,220,186,0.9,low,regular,False
PA0075,YWG,YYZ,2027-01-10,08:15,165.54,220,171,1.15,high,peak,True
PA0076,YYZ,YHZ,2027-01-29,13:20,162.71,150,98,1.13,medium,peak,False
PA0077,YYZ,YHZ,2026-12-12,10:45,176.59,120,53,1.2,high,peak,True
PA0078,YYZ,YOW,2026-10-04,13:20,95.81,220,75,1.22,high,regular,True
PA0079,YEG,YVR,2026-12-26,21:05,112.25,120,50,1.0,medium,peak,True
PA0080,YYZ,YVR,2026-12-17,10:45,255.79,220,73,1.14,medium,peak,False
PA0081,YWG,YYZ,2027-02-19,08:15,140.4,220,149,1.06,medium,regular,False
PA0082,YVR,YYC,2027-03-08,18:35,135.49,220,162,0.98,medium,regular,False
PA0083,YHZ,YUL,2027-02-01,06:30,123.77,220,177,0.87,low,regular,False
PA0084,YEG,YVR,2026-10-22,21:05,111.03,220,65,1.04,medium,regular,False
PA0085,YYC,YEG,2026-12-10,10:45,93.51,220,119,1.19,high,peak,False
PA0086,YYZ,YUL,2027-01-16,06:30,123.6,120,59,1.41,high,peak,True
PA0087,YVR,YYZ,2026-09-25,08:15,246.4,150,24,1.14,medium,regular,False
PA0088,YEG,YYC,2027-03-08,06:30,92.51,150,119,0.94,low,regular,False
PA0089,YHZ,YUL,2027-02-20,18:35,129.9,120,83,0.94,low,regular,True
PA0090,YUL,YHZ,2026-09-24,10:45,123.55,220,87,1.01,medium,regular,False
PA0091,YOW,YYZ,2026-10-14,18:35,97.04,180,38,0.99,medium,regular,False
PA0092,YUL,YHZ,2026-09-28,10:45,138.98,220,61,0.9,low,regular,False
PA0093,YYZ,YVR,2027-01-03,21:05,267.05,220,71,1.45,high,peak,True
PA0094,YYC,YEG,2026-10-27,13:20,90.63,150,57,0.72,low,regular,False
PA0095,YWG,YYZ,2027-01-19,13:20,149.49,220,119,0.95,medium,peak,False
PA0096,YOW,YYZ,2026-10-10,10:45,107.32,220,63,1.23,high,regular,True
PA0097,YVR,YEG,2026-12-13,06:30,108.38,220,100,1.07,medium,peak,True
PA0098,YYZ,YHZ,2026-12-14,10:45,159.5,180,115,1.07,medium,peak,False
PA0099,YOW,YYZ,2026-12-31,13:20,104.81,150,93,1.04,medium,peak,False
PA0100,YYZ,YVR,2026-10-11,10:45,268.53,150,56,1.32,high,regular,True
PA0101,YYC,YVR,2027-01-17,16:10,120.77,180,142,1.32,high,peak,True
PA0102,YYC,YEG,2026-11-26,10:45,91.5,180,76,1.01,medium,shoulder,False
PA0103,YWG,YYZ,2027-03-13,08:15,161.96,150,101,1.13,medium,regular,True
PA0104,YYZ,YWG,2027-02-17,10:45,150.69,120,78,0.92,low,regular,False
PA0105,YHZ,YYZ,2026-09-21,18:35,171.81,150,42,1.24,high,regular,False
PA0106,YYZ,YYC,2027-02-28,21:05,210.51,220,151,1.25,high,regular,True
PA0107,YEG,YYC,2027-01-08,10:45,101.87,150,74,0.99,medium,peak,False
PA0108,YUL,YYZ,2026-10-04,13:20,109.29,220,27,1.39,high,regular,True
PA0109,YYZ,YYC,2027-02-09,10:45,231.64,120,75,1.18,high,regular,False
PA0110,YHZ,YUL,2027-02-17,21:05,146.03,150,102,0.85,low,regular,False
PA0111,YHZ,YYZ,2027-02-15,13:20,185.64,180,133,1.02,medium,regular,False
PA0112,YUL,YYZ,2026-11-10,18:35,113.76,150,60,1.26,high,shoulder,False
PA0113,YWG,YYZ,2026-10-07,08:15,154.07,120,53,1.05,medium,regular,False
PA0114,YVR,YYZ,2026-11-16,10:45,269.74,180,81,1.1,medium,shoulder,False
PA0115,YYZ,YHZ,2027-02-25,16:10,175.02,150,125,1.08,medium,regular,False
PA0116,YYZ,YHZ,2026-10-24,06:30,178.46,120,34,1.15,high,regular,True
PA0117,YUL,YHZ,2026-11-30,13:20,132.37,120,67,0.89,low,shoulder,False
PA0118,YYZ,YHZ,2027-01-24,16:10,183.24,220,172,1.2,high,peak,True
PA0119,YVR,YYC,2027-02-19,10:45,133.4,120,53,1.24,high,regular,False
PA0120,YUL,YHZ,2027-02-15,06:30,126.23,180,159,0.87,low,regular,False
PA0121,YYZ,YWG,2027-03-03,13:20,159.18,180,114,1.08,medium,regular,False
PA0122,YEG,YYC,2026-10-11,13:20,87.49,180,69,1.03,medium,regular,True
PA0123,YYC,YYZ,2026-12-11,13:20,233.8,220,123,1.44,high,peak,False
PA0124,YWG,YYZ,2026-09-27,13:20,169.58,120,35,1.1,medium,regular,True
PA0125,YVR,YEG,2027-01-27,21:05,113.0,120,87,0.97,medium,peak,False
PA0126,YYZ,YOW,2027-01-28,10:45,98.77,220,173,1.05,medium,peak,False
PA0127,YWG,YYZ,2026-10-21,10:45,140.39,220,50,0.92,low,regular,False
PA0128,YHZ,YUL,2026-11-18,18:35,132.52,150,64,0.89,low,shoulder,False
PA0129,YOW,YYZ,2026-10-17,13:20,114.09,120,43,1.1,medium,regular,True
PA0130,YHZ,YYZ,2027-01-26,18:35,169.06,180,136,1.15,high,peak,False
PA0131,YYC,YEG,2027-02-06,08:15,99.68,220,135,1.09,medium,regular,True
PA0132,YYZ,YYC,2026-10-05,10:45,209.76,220,86,1.3,high,regular,False
PA0133,YYZ,YVR,2026-11-29,18:35,268.32,180,67,1.15,high,shoulder,True
PA0134,YYZ,YYC,2027-01-10,16:10,221.91,220,148,1.39,high,peak,True
PA0135,YYC,YEG,2026-12-09,21:05,92.78,150,60,0.99,medium,peak,False
PA0136,YEG,YVR,2026-09-29,10:45,112.38,220,70,0.84,low,regular,False
PA0137,YYZ,YYC,2027-01-22,06:30,236.27,150,118,1.25,high,peak,False
PA0138,YYC,YEG,2026-10-13,16:10,102.05,220,52,0.93,low,regular,False
PA0139,YYZ,YYC,2026-10-07,13:20,226.59,180,69,1.28,high,regular,False
PA0140,YVR,YYC,2027-03-09,21:05,134.69,220,118,1.1,medium,regular,False
PA0141,YEG,YYC,2027-02-03,06:30,90.96,120,78,1.05,medium,regular,False
PA0142,YOW,YYZ,2026-10-11,13:20,96.61,120,34,1.02,medium,regular,True
PA0143,YYC,YYZ,2027-03-14,10:45,210.91,120,59,1.28,high,regular,True
PA0144,YYC,YVR,2027-01-06,08:15,132.31,150,109,1.18,high,peak,False
PA0145,YYC,YYZ,2026-11-01,06:30,238.16,220,94,1.15,high,shoulder,True
PA0146,YYZ,YYC,2026-11-16,13:20,237.55,180,105,1.16,high,shoulder,False
PA0147,YYC,YEG,2026-11-30,18:35,104.27,150,30,0.97,medium,shoulder,False
PA0148,YHZ,YYZ,2027-02-28,13:20,186.98,180,144,1.11,medium,regular,True
PA0149,YEG,YYC,2026-10-15,08:15,104.36,220,99,0.88,low,regular,False
PA0150,YHZ,YYZ,2026-09-23,21:05,176.32,220,58,1.13,medium,regular,False
PA0151,YVR,YYZ,2027-02-20,18:35,274.34,220,126,1.14,medium,regular,True
PA0152,YOW,YYZ,2027-02-20,21:05,99.76,180,123,1.19,high,regular,True
PA0153,YYZ,YYC,2027-02-25,06:30,223.5,120,90,1.26,high,regular,False
PA0154,YYZ,YYC,2026-10-11,10:45,203.82,180,54,1.19,high,regular,True
PA0155,YWG,YYZ,2026-12-20,16:10,165.07,180,86,1.06,medium,peak,True
PA0156,YEG,YYC,2026-12-02,18:35,86.93,180,75,0.92,low,peak,False
PA0157,YOW,YYZ,2027-03-10,18:35,102.18,220,107,1.05,medium,regular,False
PA0158,YVR,YEG,2026-09-21,10:45,118.96,120,49,1.01,medium,regular,False
PA0159,YUL,YHZ,2026-12-24,21:05,122.18,180,84,1.04,medium,peak,False
PA0160,YWG,YYZ,2026-12-10,16:10,153.89,150,89,0.96,medium,peak,False
PA0161,YHZ,YYZ,2027-03-03,13:20,163.35,120,62,1.18,high,regular,False
PA0162,YEG,YYC,2026-10-17,06:30,94.12,150,40,0.96,medium,regular,True
PA0163,YWG,YYZ,2027-01-03,16:10,165.34,150,65,1.03,medium,peak,True
PA0164,YHZ,YUL,2026-12-31,10:45,133.51,120,70,0.95,medium,peak,False
PA0165,YOW,YYZ,2026-12-19,06:30,102.03,180,150,1.15,high,peak,True
PA0166,YVR,YEG,2026-11-27,08:15,105.61,120,28,0.88,low,shoulder,False
PA0167,YYZ,YOW,2027-03-01,18:35,115.27,120,72,1.1,medium,regular,False
PA0168,YUL,YHZ,2026-11-09,06:30,127.79,150,87,0.8,low,shoulder,False
PA0169,YYZ,YYC,2027-02-17,06:30,203.72,180,118,1.15,high,regular,False
PA0170,YYZ,YHZ,2026-11-01,06:30,179.81,120,35,1.1,medium,shoulder,True
PA0171,YUL,YHZ,2026-12-09,06:30,132.87,150,74,1.04,medium,peak,False
PA0172,YUL,YYZ,2026-10-04,13:20,110.62,220,55,1.25,high,regular,True
PA0173,YYZ,YWG,2026-11-13,16:10,159.93,120,53,0.76,low,shoulder,False
PA0174,YHZ,YYZ,2027-01-13,18:35,166.65,120,56,1.13,medium,peak,False
PA0175,YUL,YYZ,2027-01-21,18:35,122.6,220,127,1.36,high,peak,False
PA0176,YYZ,YUL,2026-10-20,10:45,115.08,180,80,1.35,high,regular,False
PA0177,YYZ,YWG,2027-02-19,13:20,159.8,120,82,0.94,low,regular,False
PA0178,YWG,YYZ,2026-11-12,13:20,165.15,220,67,0.88,low,shoulder,False
PA0179,YVR,YEG,2027-01-02,18:35,109.36,120,72,1.17,high,peak,True
PA0180,YYZ,YYC,2027-03-12,13:20,217.0,120,79,1.2,high,regular,False
PA0181,YYC,YVR,2026-10-21,16:10,120.74,120,55,1.08,medium,regular,False
PA0182,YUL,YYZ,2027-01-01,10:45,131.24,220,95,1.26,high,peak,False
PA0183,YHZ,YUL,2026-12-06,10:45,139.23,120,66,1.03,medium,peak,True
PA0184,YOW,YYZ,2026-10-15,10:45,99.25,180,43,1.12,medium,regular,False
PA0185,YEG,YVR,2027-02-08,21:05,119.45,120,98,0.91,low,regular,False
PA0186,YYZ,YVR,2026-11-03,10:45,243.43,180,49,1.14,medium,shoulder,False
PA0187,YYZ,YYC,2027-02-09,18:35,240.76,220,111,1.24,high,regular,False
PA0188,YYZ,YUL,2027-01-31,08:15,116.88,220,165,1.45,high,peak,True
PA0189,YVR,YYC,2027-02-10,16:10,131.36,120,76,1.1,medium,regular,False
PA0190,YVR,YYZ,2027-03-09,06:30,265.57,180,147,1.26,high,regular,False
PA0191,YEG,YVR,2026-11-26,08:15,119.1,120,57,0.96,medium,shoulder,False
PA0192,YUL,YHZ,2027-01-20,16:10,137.68,180,91,1.02,medium,peak,False
PA0193,YYZ,YVR,2026-11-09,10:45,249.05,150,55,1.04,medium,shoulder,False
PA0194,YUL,YYZ,2026-09-19,13:20,124.89,220,38,1.41,high,regular,True
PA0195,YYZ,YWG,2027-02-08,21:05,140.81,180,84,1.05,medium,regular,False
PA0196,YYZ,YVR,2027-01-13,06:30,270.89,180,133,1.25,high,peak,False
PA0197,YEG,YVR,2026-12-01,06:30,121.93,220,78,1.06,medium,peak,False
PA0198,YHZ,YUL,2027-01-13,21:05,128.07,180,72,1.08,medium,peak,False
PA0199,YUL,YHZ,2026-12-29,16:10,130.67,120,76,1.04,medium,peak,False
PA0200,YVR,YYC,2026-10-31,06:30,131.91,120,53,1.18,high,regular,True
PA0201,YYC,YVR,2027-03-02,21:05,117.43,150,104,1.17,high,regular,False
PA0202,YHZ,YUL,2026-10-27,21:05,134.84,120,31,1.05,medium,regular,False
PA0203,YUL,YHZ,2027-02-13,13:20,125.58,180,105,0.91,low,regular,True
PA0204,YYZ,YUL,2027-01-16,13:20,116.45,180,101,1.31,high,peak,True
PA0205,YYZ,YUL,2026-12-06,13:20,114.89,220,80,1.43,high,peak,True
PA0206,YYZ,YUL,2027-02-22,16:10,127.0,220,187,1.3,high,regular,False
PA0207,YVR,YYZ,2027-01-11,21:05,241.84,150,98,1.38,high,peak,False
PA0208,YVR,YYZ,2027-01-11,06:30,267.6,180,97,1.3,high,peak,False
PA0209,YVR,YYZ,2026-11-20,18:35,265.71,220,61,1.17,high,shoulder,False
PA0210,YYC,YVR,2026-12-22,10:45,127.45,220,136,1.24,high,peak,False
PA0211,YVR,YYC,2026-10-04,10:45,118.8,120,46,1.16,high,regular,True
PA0212,YHZ,YUL,2026-10-26,10:45,130.95,120,48,0.91,low,regular,False
PA0213,YVR,YEG,2026-10-21,16:10,121.71,120,45,1.05,medium,regular,False
PA0214,YYZ,YYC,2027-03-08,18:35,213.92,120,93,1.11,medium,regular,False
PA0215,YYC,YVR,2026-12-06,08:15,117.3,150,88,1.37,high,peak,True
PA0216,YYZ,YYC,2026-10-27,06:30,231.92,180,57,1.15,high,regular,False
PA0217,YYZ,YWG,2026-09-27,18:35,158.01,180,24,0.96,medium,regular,True
PA0218,YYZ,YYC,2026-10-29,08:15,214.03,150,54,1.16,high,regular,False
PA0219,YOW,YYZ,2027-01-09,16:10,99.41,180,105,1.07,medium,peak,True
PA0220,YOW,YYZ,2026-12-06,21:05,108.74,220,90,1.18,high,peak,True
PA0221,YUL,YHZ,2027-01-08,13:20,132.8,180,100,0.91,low,peak,False
PA0222,YYC,YYZ,2026-11-08,21:05,219.15,150,54,1.17,high,shoulder,True
PA0223,YYC,YVR,2027-02-06,06:30,119.32,120,86,1.32,high,regular,True
PA0224,YYZ,YWG,2026-10-25,21:05,164.82,220,27,1.14,medium,regular,True
PA0225,YYC,YVR,2026-09-24,13:20,122.15,120,40,1.18,high,regular,False
PA0226,YYZ,YUL,2026-12-22,08:15,125.15,120,66,1.38,high,peak,False
PA0227,YVR,YYC,2026-10-25,08:15,129.9,120,47,1.34,high,regular,True
PA0228,YYZ,YYC,2027-01-16,13:20,207.49,120,71,1.3,high,peak,True
PA0229,YYZ,YYC,2027-02-05,18:35,211.25,220,131,1.22,high,regular,False
PA0230,YVR,YYZ,2026-11-18,13:20,259.99,220,46,1.24,high,shoulder,False
PA0231,YWG,YYZ,2026-09-22,18:35,139.55,150,38,0.91,low,regular,False
PA0232,YYC,YVR,2026-11-18,16:10,125.59,220,77,1.19,high,shoulder,False
PA0233,YYC,YVR,2026-10-05,16:10,128.39,120,46,1.19,high,regular,False
PA0234,YYC,YVR,2026-11-21,18:35,118.53,120,55,1.16,high,shoulder,True
PA0235,YUL,YYZ,2027-02-13,18:35,116.13,180,112,1.4,high,regular,True
PA0236,YYC,YYZ,2027-03-12,13:20,200.78,220,187,1.07,medium,regular,False
PA0237,YYC,YEG,2026-09-27,10:45,86.3,150,26,1.0,medium,regular,True
PA0238,YHZ,YYZ,2027-01-27,13:20,159.5,220,142,1.23,high,peak,False
PA0239,YYC,YVR,2026-09-30,21:05,123.42,180,53,1.27,high,regular,False
PA0240,YVR,YEG,2027-01-08,13:20,114.94,180,80,1.03,medium,peak,False
PA0241,YYZ,YWG,2026-11-25,21:05,158.18,120,54,0.9,low,shoulder,False
PA0242,YYC,YYZ,2027-02-04,10:45,211.01,180,105,1.22,high,regular,False
PA0243,YYC,YEG,2027-02-19,18:35,94.0,220,140,1.01,medium,regular,False
PA0244,YYC,YVR,2027-02-22,13:20,113.93,180,150,1.02,medium,regular,False
PA0245,YVR,YEG,2026-12-20,16:10,117.47,150,69,1.1,medium,peak,True
PA0246,YYC,YEG,2026-09-26,08:15,92.38,120,28,1.1,medium,regular,True
PA0247,YUL,YHZ,2026-09-26,16:10,131.54,150,56,0.81,low,regular,True
PA0248,YYZ,YUL,2027-02-11,08:15,113.99,180,149,1.35,high,regular,False
PA0249,YUL,YYZ,2026-09-24,18:35,121.48,150,54,1.28,high,regular,False
PA0250,YYZ,YHZ,2026-11-23,18:35,176.6,220,88,1.09,medium,shoulder,False
PA0251,YEG,YYC,2026-11-08,06:30,102.57,150,46,0.87,low,shoulder,True
PA0252,YYC,YEG,2026-10-10,21:05,95.95,180,70,0.88,low,regular,True
PA0253,YHZ,YYZ,2026-12-03,21:05,174.68,150,80,0.92,low,peak,False
PA0254,YYC,YVR,2027-01-26,08:15,118.42,120,51,1.19,high,peak,False
PA0255,YEG,YYC,2026-09-24,10:45,87.97,180,104,0.98,medium,regular,False
PA0256,YYZ,YUL,2026-10-04,10:45,120.62,220,18,1.34,high,regular,True
PA0257,YEG,YVR,2027-02-12,06:30,113.85,150,79,0.96,medium,regular,False
PA0258,YYZ,YWG,2026-12-15,08:15,155.09,150,75,1.01,medium,peak,False
PA0259,YVR,YYZ,2026-10-19,16:10,282.61,150,52,1.27,high,regular,False
PA0260,YOW,YYZ,2026-12-15,16:10,107.84,180,82,1.1,medium,peak,False
PA0261,YWG,YYZ,2026-11-27,08:15,159.37,180,88,0.91,low,shoulder,False
PA0262,YUL,YHZ,2027-02-13,08:15,137.84,150,120,0.88,low,regular,True
PA0263,YUL,YHZ,2026-09-28,21:05,142.32,120,1,1.03,medium,regular,False
PA0264,YYZ,YHZ,2027-03-03,08:15,183.23,220,159,1.02,medium,regular,False
PA0265,YWG,YYZ,2026-12-01,18:35,160.73,180,122,1.07,medium,peak,False
PA0266,YHZ,YYZ,2027-01-12,06:30,168.79,120,63,1.17,high,peak,False
PA0267,YVR,YYC,2027-02-20,08:15,137.2,180,114,1.14,medium,regular,True
PA0268,YYC,YVR,2026-12-29,08:15,118.54,180,109,1.2,high,peak,False
PA0269,YUL,YYZ,2026-11-25,13:20,130.69,150,62,1.25,high,shoulder,False
PA0270,YHZ,YUL,2027-01-03,08:15,140.97,150,69,0.89,low,peak,True
PA0271,YYZ,YOW,2026-10-28,13:20,94.99,220,100,1.08,medium,regular,False
PA0272,YVR,YEG,2027-01-25,13:20,104.66,150,92,1.12,medium,peak,False
PA0273,YEG,YYC,2027-02-17,21:05,87.54,220,155,0.94,low,regular,False
PA0274,YYZ,YYC,2026-11-24,18:35,215.63,180,77,1.05,medium,shoulder,False
PA0275,YUL,YHZ,2027-02-08,08:15,135.11,180,131,0.92,low,regular,False
PA0276,YWG,YYZ,2026-11-28,21:05,151.07,120,50,1.02,medium,shoulder,True
PA0277,YVR,YYC,2027-02-07,10:45,125.0,150,95,1.28,high,regular,True
PA0278,YVR,YYZ,2026-09-27,08:15,241.74,180,37,1.2,high,regular,True
PA0279,YYZ,YWG,2026-10-23,10:45,162.42,180,26,1.19,high,regular,False
PA0280,YHZ,YYZ,2027-02-16,10:45,180.74,220,160,0.96,medium,regular,False
PA0281,YYC,YVR,2026-12-11,18:35,132.42,120,40,1.19,high,peak,False
PA0282,YYZ,YVR,2027-02-17,13:20,274.36,180,89,1.2,high,regular,False
PA0283,YUL,YHZ,2026-11-15,18:35,138.48,120,57,0.92,low,shoulder,True
PA0284,YHZ,YUL,2026-12-24,08:15,124.47,150,37,1.04,medium,peak,False
PA0285,YYZ,YVR,2027-01-08,10:45,255.34,220,104,1.4,high,peak,False
PA0286,YHZ,YUL,2027-01-16,21:05,136.64,120,78,0.97,medium,peak,True
PA0287,YEG,YYC,2027-01-30,13:20,95.63,180,94,1.04,medium,peak,True
PA0288,YWG,YYZ,2026-12-17,18:35,147.14,180,103,1.02,medium,peak,False
PA0289,YWG,YYZ,2026-12-03,08:15,160.9,180,79,0.93,low,peak,False
PA0290,YEG,YYC,2026-12-08,13:20,99.21,180,134,0.93,low,peak,False
PA0291,YHZ,YYZ,2026-10-19,16:10,164.73,220,50,0.98,medium,regular,False
PA0292,YYZ,YYC,2026-12-01,06:30,238.66,180,74,1.24,high,peak,False
PA0293,YYZ,YHZ,2027-01-18,08:15,172.11,150,85,1.04,medium,peak,False
PA0294,YYZ,YHZ,2026-10-23,06:30,171.06,150,49,1.15,high,regular,False
PA0295,YOW,YYZ,2026-10-01,06:30,108.81,220,73,1.16,high,regular,False
PA0296,YYZ,YYC,2026-09-19,16:10,236.65,150,69,1.34,high,regular,True
PA0297,YEG,YYC,2027-03-03,08:15,102.75,180,139,1.03,medium,regular,False
PA0298,YYZ,YUL,2027-03-03,16:10,130.48,150,133,1.25,high,regular,False
PA0299,YYC,YYZ,2027-01-02,21:05,234.79,150,80,1.3,high,peak,True
PA0300,YEG,YYC,2026-11-04,18:35,96.29,180,65,0.87,low,shoulder,False
PA0301,YUL,YYZ,2026-12-12,10:45,119.85,220,76,1.4,high,peak,True
PA0302,YYZ,YYC,2027-01-25,13:20,205.15,180,111,1.29,high,peak,False
PA0303,YYC,YEG,2027-03-02,10:45,91.11,150,89,0.94,low,regular,False
PA0304,YYZ,YOW,2026-11-01,16:10,96.32,220,65,1.0,medium,shoulder,True
PA0305,YUL,YYZ,2026-11-04,08:15,114.26,220,91,1.28,high,shoulder,False
PA0306,YOW,YYZ,2027-01-10,21:05,109.68,180,88,1.19,high,peak,True
PA0307,YYZ,YVR,2026-11-23,18:35,240.15,180,81,1.15,high,shoulder,False
PA0308,YHZ,YYZ,2026-10-28,13:20,184.98,180,75,0.92,low,regular,False
PA0309,YYC,YVR,2027-02-22,08:15,123.87,150,85,1.11,medium,regular,False
PA0310,YHZ,YUL,2026-12-22,13:20,143.79,220,114,0.86,low,peak,False
PA0311,YOW,YYZ,2027-03-11,21:05,102.1,120,101,1.06,medium,regular,False
PA0312,YUL,YHZ,2026-10-16,06:30,130.36,150,56,0.91,low,regular,False
PA0313,YYZ,YWG,2027-01-09,06:30,167.37,150,92,1.02,medium,peak,True
PA0314,YYC,YEG,2026-10-02,13:20,86.6,150,60,0.92,low,regular,False
PA0315,YYC,YEG,2027-03-09,21:05,101.01,180,130,0.85,low,regular,False
PA0316,YYZ,YOW,2027-02-13,06:30,105.86,120,103,1.2,high,regular,True
PA0317,YVR,YYZ,2026-10-05,13:20,241.04,120,35,1.28,high,regular,False
PA0318,YEG,YVR,2026-12-22,13:20,112.14,220,77,0.92,low,peak,False
PA0319,YWG,YYZ,2026-10-22,18:35,151.68,180,10,1.15,high,regular,False
PA0320,YYZ,YYC,2026-11-14,21:05,218.37,120,47,0.97,medium,shoulder,True
PA0321,YWG,YYZ,2027-01-04,16:10,150.23,220,116,1.0,medium,peak,False
PA0322,YYZ,YHZ,2026-11-05,18:35,173.91,120,24,1.0,medium,shoulder,False
PA0323,YYZ,YVR,2026-11-18,08:15,265.08,120,47,1.19,high,shoulder,False
PA0324,YVR,YYZ,2026-11-19,18:35,245.3,120,59,1.21,high,shoulder,False
PA0325,YVR,YYZ,2026-10-23,16:10,263.96,180,56,1.41,high,regular,False
PA0326,YUL,YHZ,2027-02-18,21:05,148.11,180,122,1.09,medium,regular,False
PA0327,YYZ,YWG,2026-11-13,13:20,157.84,180,77,1.03,medium,shoulder,False
PA0328,YYC,YYZ,2027-02-25,18:35,213.15,220,162,1.17,high,regular,False
PA0329,YVR,YEG,2027-01-30,10:45,107.73,220,162,1.15,high,peak,True
PA0330,YWG,YYZ,2027-01-17,08:15,164.48,150,100,1.23,high,peak,True
PA0331,YVR,YYZ,2027-02-08,13:20,246.63,220,163,1.21,high,regular,False
PA0332,YYZ,YOW,2026-12-11,18:35,96.44,120,34,1.08,medium,peak,False
PA0333,YYZ,YOW,2026-10-01,10:45,112.85,220,75,0.98,medium,regular,False
PA0334,YYZ,YOW,2027-02-15,18:35,101.49,150,141,1.1,medium,regular,False
PA0335,YYZ,YVR,2026-11-11,08:15,281.55,120,48,1.05,medium,shoulder,False
PA0336,YHZ,YUL,2026-11-09,13:20,131.78,150,88,0.84,low,shoulder,False
PA0337,YWG,YYZ,2027-03-03,10:45,154.92,180,128,1.08,medium,regular,False
PA0338,YUL,YYZ,2027-01-16,21:05,117.93,180,91,1.37,high,peak,True
PA0339,YUL,YHZ,2026-11-13,18:35,137.27,150,38,0.89,low,shoulder,False
PA0340,YEG,YVR,2026-12-02,08:15,122.67,150,78,1.12,medium,peak,False
PA0341,YEG,YYC,2027-02-05,18:35,103.86,180,123,1.08,medium,regular,False
PA0342,YEG,YYC,2027-01-13,08:15,94.78,180,91,1.11,medium,peak,False
PA0343,YWG,YYZ,2027-03-01,06:30,164.86,120,81,0.95,medium,regular,False
PA0344,YVR,YYZ,2026-09-19,13:20,270.77,150,27,1.24,high,regular,True
PA0345,YYZ,YVR,2026-11-12,16:10,268.67,220,113,1.26,high,shoulder,False
PA0346,YHZ,YUL,2027-01-19,18:35,132.61,220,103,1.01,medium,peak,False
PA0347,YYZ,YVR,2027-01-31,18:35,260.12,180,135,1.35,high,peak,True
PA0348,YEG,YVR,2026-11-02,06:30,117.75,120,55,0.92,low,shoulder,False
PA0349,YYZ,YHZ,2026-12-17,10:45,168.61,220,54,1.2,high,peak,False
PA0350,YOW,YYZ,2027-03-15,08:15,108.23,180,143,0.94,low,regular,False
PA0351,YVR,YYZ,2026-10-11,13:20,267.11,220,87,1.35,high,regular,True
PA0352,YYC,YYZ,2026-10-09,13:20,241.0,220,78,1.12,medium,regular,False
PA0353,YUL,YYZ,2027-01-31,06:30,129.3,150,90,1.45,high,peak,True
PA0354,YEG,YYC,2026-11-26,06:30,95.82,120,58,0.82,low,shoulder,False
PA0355,YVR,YYZ,2026-11-02,21:05,241.5,180,51,1.19,high,shoulder,False
PA0356,YVR,YEG,2026-10-07,10:45,123.04,150,64,0.94,low,regular,False
PA0357,YWG,YYZ,2026-12-11,13:20,141.93,150,67,0.93,low,peak,False
PA0358,YYC,YVR,2026-10-01,06:30,127.63,220,57,1.16,high,regular,False
PA0359,YHZ,YUL,2027-02-17,13:20,148.3,180,109,0.94,low,regular,False
PA0360,YEG,YYC,2026-11-15,10:45,98.05,220,126,0.99,medium,shoulder,True
PA0361,YYZ,YUL,2027-02-23,10:45,111.7,150,107,1.25,high,regular,False
PA0362,YYZ,YYC,2026-12-26,10:45,211.56,180,95,1.32,high,peak,True
PA0363,YYC,YVR,2026-11-26,06:30,126.42,150,50,1.12,medium,shoulder,False
PA0364,YYZ,YWG,2026-12-31,06:30,158.0,120,51,1.1,medium,peak,False
PA0365,YVR,YYC,2026-12-25,06:30,130.62,180,129,1.27,high,peak,False
PA0366,YWG,YYZ,2026-11-19,16:10,147.84,150,68,0.89,low,shoulder,False
PA0367,YYZ,YHZ,2027-01-22,08:15,163.19,120,69,1.16,high,peak,False
PA0368,YYZ,YUL,2026-12-19,10:45,122.8,150,81,1.32,high,peak,True
PA0369,YYC,YEG,2026-10-15,08:15,101.49,180,34,0.93,low,regular,False
PA0370,YVR,YEG,2026-12-11,13:20,118.47,180,125,1.11,medium,peak,False
PA0371,YHZ,YUL,2026-10-22,10:45,134.43,180,86,0.86,low,regular,False
PA0372,YYC,YYZ,2026-12-28,10:45,240.58,180,101,1.14,medium,peak,False
PA0373,YOW,YYZ,2026-12-10,13:20,96.89,180,79,1.08,medium,peak,False
PA0374,YUL,YHZ,2026-11-08,16:10,147.23,150,67,0.85,low,shoulder,True
PA0375,YYC,YEG,2026-11-10,13:20,101.61,180,67,0.85,low,shoulder,False
PA0376,YEG,YVR,2027-03-09,13:20,118.65,150,114,0.94,low,regular,False
PA0377,YEG,YVR,2026-12-23,06:30,112.72,220,87,1.04,medium,peak,False
PA0378,YYZ,YWG,2027-03-14,13:20,167.26,120,81,0.97,medium,regular,True
PA0379,YWG,YYZ,2027-02-17,18:35,160.11,120,76,1.02,medium,regular,False
PA0380,YYC,YYZ,2027-03-02,16:10,226.46,120,103,1.14,medium,regular,False
PA0381,YVR,YYC,2027-01-06,06:30,131.17,120,61,1.23,high,peak,False
PA0382,YWG,YYZ,2027-02-13,18:35,163.44,150,121,1.07,medium,regular,True
PA0383,YUL,YHZ,2027-03-13,16:10,124.32,150,107,1.0,medium,regular,True
PA0384,YEG,YVR,2026-10-09,06:30,121.54,150,53,1.04,medium,regular,False
PA0385,YYZ,YWG,2027-01-19,10:45,153.53,220,101,1.12,medium,peak,False
PA0386,YYZ,YUL,2026-12-03,06:30,110.62,120,43,1.36,high,peak,False
PA0387,YYC,YYZ,2026-11-19,16:10,216.76,150,79,1.11,medium,shoulder,False
PA0388,YYC,YEG,2026-11-16,21:05,97.99,220,102,0.84,low,shoulder,False
PA0389,YVR,YEG,2026-09-25,18:35,103.6,150,55,1.01,medium,regular,False
PA0390,YYZ,YOW,2026-11-09,10:45,105.77,120,70,0.96,medium,shoulder,False
PA0391,YYC,YVR,2026-12-10,08:15,124.74,220,78,1.28,high,peak,False
PA0392,YVR,YYC,2027-02-17,13:20,133.64,220,175,1.09,medium,regular,False
PA0393,YHZ,YUL,2026-11-01,21:05,139.65,180,40,0.89,low,shoulder,True
PA0394,YVR,YYC,2026-10-18,08:15,116.03,180,42,1.24,high,regular,True
PA0395,YVR,YEG,2027-01-03,16:10,114.69,150,102,1.07,medium,peak,True
PA0396,YWG,YYZ,2027-03-14,18:35,143.85,150,125,1.01,medium,regular,True
PA0397,YVR,YYC,2027-01-11,16:10,124.62,120,47,1.05,medium,peak,False
PA0398,YYZ,YOW,2026-12-25,16:10,109.41,220,144,1.2,high,peak,False
PA0399,YYC,YEG,2027-01-21,08:15,89.69,120,98,0.94,low,peak,False
PA0400,YVR,YYZ,2026-11-27,08:15,272.61,180,69,1.26,high,shoulder,False
PA0401,YEG,YYC,2027-02-05,16:10,95.82,120,91,0.9,low,regular,False
PA0402,YYC,YVR,2027-02-03,21:05,117.96,120,79,1.04,medium,regular,False
PA0403,YEG,YVR,2026-10-14,18:35,113.84,150,66,1.27,high,regular,False
PA0404,YYC,YVR,2026-10-10,13:20,132.77,120,34,1.13,medium,regular,True
PA0405,YUL,YHZ,2027-03-13,10:45,127.08,220,147,1.03,medium,regular,True
PA0406,YYZ,YOW,2026-10-03,16:10,98.04,180,77,1.12,medium,regular,True
PA0407,YHZ,YYZ,2026-12-01,16:10,183.61,180,58,1.07,medium,peak,False
PA0408,YUL,YYZ,2026-10-22,21:05,128.81,220,2,1.16,high,regular,False
PA0409,YYZ,YYC,2027-03-16,21:05,234.45,150,105,1.31,high,regular,False
PA0410,YVR,YEG,2027-01-21,08:15,105.24,180,127,0.99,medium,peak,False
PA0411,YYZ,YUL,2026-12-30,16:10,118.91,180,115,1.2,high,peak,False
PA0412,YEG,YYC,2026-12-10,16:10,87.27,120,40,0.89,low,peak,False
PA0413,YYC,YEG,2027-02-27,18:35,93.06,180,103,0.87,low,regular,True
PA0414,YEG,YVR,2026-11-11,13:20,116.09,180,79,0.99,medium,shoulder,False
PA0415,YYZ,YYC,2027-02-09,21:05,231.54,220,137,1.02,medium,regular,False
PA0416,YVR,YYZ,2026-10-13,18:35,242.22,220,6,1.25,high,regular,False
PA0417,YYC,YEG,2026-09-18,13:20,102.26,150,2,0.93,low,regular,False
PA0418,YHZ,YYZ,2026-10-28,21:05,155.8,180,46,1.07,medium,regular,False
PA0419,YYC,YYZ,2026-10-01,13:20,216.89,180,53,1.05,medium,regular,False
PA0420,YYZ,YUL,2026-10-12,06:30,113.43,150,55,1.29,high,regular,False
PA0421,YYC,YEG,2026-09-20,06:30,93.52,180,15,0.77,low,regular,True
PA0422,YYZ,YYC,2027-01-18,06:30,202.51,150,114,1.34,high,peak,False
PA0423,YVR,YYC,2026-12-21,10:45,134.36,150,103,1.3,high,peak,False
PA0424,YYZ,YYC,2026-10-05,16:10,213.45,120,40,1.15,high,regular,False
PA0425,YYZ,YOW,2027-02-25,18:35,103.79,150,83,1.03,medium,regular,False
PA0426,YYZ,YOW,2026-10-10,06:30,102.56,150,44,1.03,medium,regular,True
PA0427,YEG,YVR,2026-12-07,21:05,109.21,150,72,1.17,high,peak,False
PA0428,YHZ,YUL,2027-02-18,18:35,144.39,180,120,0.81,low,regular,False
PA0429,YHZ,YYZ,2026-11-09,16:10,154.86,150,59,0.91,low,shoulder,False
PA0430,YOW,YYZ,2027-01-22,13:20,95.99,120,74,1.26,high,peak,False
PA0431,YYZ,YVR,2026-12-19,10:45,255.88,150,104,1.45,high,peak,True
PA0432,YWG,YYZ,2027-03-11,08:15,140.02,220,111,0.94,low,regular,False
PA0433,YYZ,YUL,2026-09-21,10:45,126.94,150,29,1.29,high,regular,False
PA0434,YYZ,YWG,2026-11-30,18:35,159.36,220,124,0.97,medium,shoulder,False
PA0435,YWG,YYZ,2027-02-22,08:15,168.05,180,118,1.0,medium,regular,False
PA0436,YYZ,YYC,2027-02-02,10:45,226.59,220,184,1.11,medium,regular,False
PA0437,YYZ,YUL,2026-12-06,18:35,109.39,220,111,1.26,high,peak,True
PA0438,YYZ,YUL,2027-01-07,06:30,123.99,220,134,1.33,high,peak,False
PA0439,YYC,YYZ,2026-10-18,06:30,239.93,150,51,1.19,high,regular,True
PA0440,YYZ,YWG,2027-01-28,21:05,163.71,180,111,1.09,medium,peak,False
PA0441,YYZ,YHZ,2026-10-18,21:05,170.81,120,46,1.16,high,regular,True
PA0442,YYZ,YHZ,2027-02-12,18:35,154.88,120,100,1.03,medium,regular,False
PA0443,YUL,YHZ,2026-10-30,10:45,137.0,150,54,0.97,medium,regular,False
PA0444,YUL,YYZ,2026-11-15,18:35,113.87,120,21,1.33,high,shoulder,True
PA0445,YEG,YYC,2026-12-20,13:20,86.17,150,58,1.24,high,peak,True
PA0446,YEG,YVR,2026-11-14,10:45,109.74,150,86,1.05,medium,shoulder,True
PA0447,YYZ,YUL,2027-02-11,10:45,112.3,120,114,1.28,high,regular,False
PA0448,YYZ,YWG,2026-09-29,13:20,163.48,120,10,0.87,low,regular,False
PA0449,YHZ,YYZ,2026-12-10,06:30,172.17,220,90,1.1,medium,peak,False
PA0450,YHZ,YYZ,2027-02-24,08:15,186.92,220,202,1.19,high,regular,False
PA0451,YYZ,YOW,2027-02-04,21:05,95.0,150,76,1.23,high,regular,False
PA0452,YWG,YYZ,2026-12-15,18:35,159.88,120,60,1.05,medium,peak,False
PA0453,YHZ,YYZ,2026-10-14,08:15,186.07,150,86,1.13,medium,regular,False
PA0454,YYZ,YYC,2026-11-28,06:30,220.87,120,27,1.11,medium,shoulder,True
PA0455,YYC,YVR,2027-01-13,18:35,128.43,120,87,1.15,high,peak,False
PA0456,YVR,YEG,2026-10-07,16:10,108.95,120,68,1.06,medium,regular,False
PA0457,YYZ,YHZ,2026-12-07,21:05,163.81,220,119,0.98,medium,peak,False
PA0458,YYZ,YHZ,2026-11-16,06:30,156.71,150,42,1.08,medium,shoulder,False
PA0459,YUL,YYZ,2026-10-30,13:20,116.6,220,84,1.32,high,regular,False
PA0460,YYZ,YOW,2027-01-11,10:45,97.81,220,131,1.19,high,peak,False
PA0461,YHZ,YYZ,2027-03-15,16:10,158.04,120,78,1.18,high,regular,False
PA0462,YOW,YYZ,2026-12-18,13:20,115.3,120,67,1.09,medium,peak,False
PA0463,YYZ,YVR,2026-12-30,21:05,238.93,220,153,1.27,high,peak,False
PA0464,YUL,YYZ,2026-10-23,06:30,113.33,120,17,1.33,high,regular,False
PA0465,YYZ,YOW,2026-12-29,10:45,111.57,120,76,1.12,medium,peak,False
PA0466,YYZ,YVR,2026-10-04,08:15,278.06,220,56,1.26,high,regular,True
PA0467,YVR,YYC,2026-10-19,06:30,123.33,220,14,1.19,high,regular,False
PA0468,YVR,YEG,2027-01-23,06:30,108.44,220,145,1.06,medium,peak,True
PA0469,YYC,YYZ,2026-11-27,10:45,225.24,220,93,1.12,medium,shoulder,False
PA0470,YOW,YYZ,2027-03-02,10:45,95.78,220,182,1.13,medium,regular,False
PA0471,YYZ,YHZ,2026-12-25,08:15,170.88,220,101,1.26,high,peak,False
PA0472,YWG,YYZ,2026-09-22,13:20,150.17,180,80,1.0,medium,regular,False
PA0473,YUL,YHZ,2027-01-24,10:45,137.62,220,140,1.08,medium,peak,True
PA0474,YYZ,YVR,2026-11-28,06:30,285.98,220,143,1.21,high,shoulder,True
PA0475,YYC,YYZ,2026-10-13,08:15,238.36,150,49,1.33,high,regular,False
PA0476,YVR,YYZ,2026-11-13,16:10,277.95,220,119,1.3,high,shoulder,False
PA0477,YYC,YYZ,2026-11-17,16:10,238.22,180,63,1.01,medium,shoulder,False
PA0478,YYZ,YVR,2027-03-16,10:45,285.38,150,116,1.21,high,regular,False
PA0479,YEG,YYC,2027-02-03,10:45,89.92,150,108,0.93,low,regular,False
PA0480,YOW,YYZ,2026-09-23,16:10,98.73,220,2,1.08,medium,regular,False
PA0481,YYZ,YYC,2026-12-14,18:35,212.24,150,45,1.17,high,peak,False
PA0482,YYZ,YVR,2026-10-25,16:10,278.75,150,46,1.14,medium,regular,True
PA0483,YYZ,YUL,2026-12-22,18:35,115.74,220,136,1.31,high,peak,False
PA0484,YYC,YYZ,2027-01-07,21:05,240.62,220,137,1.21,high,peak,False
PA0485,YHZ,YUL,2026-12-18,08:15,129.45,150,98,1.09,medium,peak,False
PA0486,YYC,YYZ,2026-09-18,18:35,222.97,220,22,1.07,medium,regular,False
PA0487,YYC,YYZ,2027-02-19,10:45,219.83,150,110,1.15,high,regular,False
PA0488,YVR,YYC,2026-10-07,08:15,134.63,180,38,1.12,medium,regular,False
PA0489,YYZ,YUL,2027-03-08,18:35,113.99,180,142,1.3,high,regular,False
PA0490,YYZ,YUL,2026-12-16,10:45,118.52,120,62,1.33,high,peak,False
PA0491,YEG,YVR,2026-10-30,13:20,112.13,220,61,0.93,low,regular,False
PA0492,YEG,YYC,2027-02-12,18:35,101.57,150,100,0.96,medium,regular,False
PA0493,YHZ,YYZ,2026-09-23,10:45,158.78,180,35,1.02,medium,regular,False
PA0494,YVR,YEG,2026-10-29,18:35,105.64,120,72,0.93,low,regular,False
PA0495,YHZ,YUL,2027-02-22,13:20,137.9,120,103,0.98,medium,regular,False
PA0496,YEG,YVR,2026-10-28,06:30,112.91,120,61,1.17,high,regular,False
PA0497,YWG,YYZ,2027-02-03,10:45,151.68,180,123,1.01,medium,regular,False
PA0498,YWG,YYZ,2027-01-21,08:15,148.63,120,85,1.11,medium,peak,False
PA0499,YHZ,YUL,2027-01-18,08:15,129.38,120,65,1.01,medium,peak,False
PA0500,YYZ,YUL,2027-01-17,21:05,119.74,120,78,1.45,high,peak,True
PA0501,YYZ,YHZ,2026-10-11,18:35,165.56,220,43,1.24,high,regular,True
PA0502,YYC,YEG,2026-09-29,10:45,90.6,220,75,0.94,low,regular,False
PA0503,YVR,YYZ,2026-10-26,21:05,262.16,120,30,1.27,high,regular,False
PA0504,YUL,YHZ,2026-11-15,16:10,132.8,120,35,0.82,low,shoulder,True
PA0505,YWG,YYZ,2027-03-12,21:05,148.76,220,171,0.95,medium,regular,False
PA0506,YVR,YEG,2026-09-26,16:10,107.48,150,15,1.13,medium,regular,True
PA0507,YYC,YYZ,2026-11-11,21:05,241.48,150,46,1.19,high,shoulder,False
PA0508,YEG,YVR,2026-11-08,21:05,124.45,150,51,0.94,low,shoulder,True
PA0509,YYZ,YUL,2026-10-10,13:20,120.47,220,114,1.29,high,regular,True
PA0510,YYZ,YVR,2027-03-16,16:10,263.46,220,143,1.26,high,regular,False
PA0511,YUL,YHZ,2026-10-13,06:30,145.26,120,30,0.77,low,regular,False
PA0512,YEG,YVR,2026-11-24,13:20,107.46,220,123,0.89,low,shoulder,False
PA0513,YVR,YEG,2026-10-24,16:10,111.12,220,21,1.08,medium,regular,True
PA0514,YOW,YYZ,2026-09-30,18:35,94.92,220,8,1.0,medium,regular,False
PA0515,YHZ,YYZ,2026-12-06,10:45,186.06,220,79,1.07,medium,peak,True
PA0516,YOW,YYZ,2026-10-22,10:45,109.8,220,70,1.01,medium,regular,False
PA0517,YHZ,YUL,2027-03-02,06:30,132.49,150,142,0.99,medium,regular,False
PA0518,YEG,YYC,2027-01-28,21:05,88.52,180,105,0.91,low,peak,False
PA0519,YHZ,YYZ,2027-01-25,13:20,172.33,150,91,1.0,medium,peak,False
PA0520,YYC,YYZ,2026-11-06,21:05,218.08,150,50,1.08,medium,shoulder,False
PA0521,YYC,YVR,2026-11-07,10:45,128.39,180,58,1.06,medium,shoulder,True
PA0522,YUL,YYZ,2027-03-11,06:30,112.26,150,122,1.36,high,regular,False
PA0523,YEG,YYC,2027-02-15,16:10,90.41,180,149,1.06,medium,regular,False
PA0524,YYZ,YUL,2026-11-29,06:30,126.72,220,51,1.34,high,shoulder,True
PA0525,YYZ,YOW,2026-11-13,18:35,103.1,150,67,0.97,medium,shoulder,False
PA0526,YYZ,YVR,2027-03-11,06:30,265.26,220,122,1.17,high,regular,False
PA0527,YYZ,YVR,2026-11-14,10:45,248.32,180,81,1.12,medium,shoulder,True
PA0528,YVR,YEG,2026-12-16,13:20,115.47,180,88,1.12,medium,peak,False
PA0529,YHZ,YUL,2026-12-28,16:10,147.6,120,10,1.01,medium,peak,False
PA0530,YYC,YVR,2027-02-08,18:35,114.1,180,126,1.17,high,regular,False
PA0531,YYZ,YHZ,2027-02-28,10:45,183.34,180,128,1.22,high,regular,True
PA0532,YHZ,YYZ,2026-11-05,08:15,180.28,150,30,0.89,low,shoulder,False
PA0533,YHZ,YUL,2026-12-30,18:35,139.2,180,114,0.88,low,peak,False
PA0534,YHZ,YYZ,2026-11-23,13:20,177.07,220,101,0.99,medium,shoulder,False
PA0535,YUL,YHZ,2026-11-05,10:45,134.34,150,67,0.77,low,shoulder,False
PA0536,YYC,YVR,2027-01-25,10:45,117.03,150,76,1.06,medium,peak,False
PA0537,YUL,YYZ,2027-01-16,08:15,129.9,180,114,1.31,high,peak,True
PA0538,YVR,YYC,2027-03-04,06:30,120.18,150,123,1.23,high,regular,False
PA0539,YVR,YYC,2026-12-22,10:45,113.84,180,105,1.21,high,peak,False
PA0540,YUL,YHZ,2027-02-13,16:10,124.74,120,93,1.0,medium,regular,True
PA0541,YVR,YEG,2027-01-31,10:45,106.66,220,95,1.16,high,peak,True
PA0542,YYZ,YOW,2026-12-14,13:20,98.29,220,78,1.27,high,peak,False
PA0543,YYZ,YUL,2027-01-20,10:45,118.85,150,95,1.38,high,peak,False
PA0544,YYZ,YOW,2026-10-31,16:10,96.35,150,85,1.15,high,regular,True
PA0545,YHZ,YUL,2027-01-07,18:35,131.85,220,183,1.12,medium,peak,False
PA0546,YVR,YYZ,2027-02-01,08:15,273.36,180,75,1.18,high,regular,False
PA0547,YYZ,YWG,2026-11-05,06:30,161.0,120,53,0.89,low,shoulder,False
PA0548,YYC,YVR,2026-12-06,08:15,116.68,120,71,1.33,high,peak,True
PA0549,YVR,YYZ,2026-12-03,10:45,251.57,220,108,1.19,high,peak,False
PA0550,YYZ,YYC,2026-12-14,13:20,237.9,180,90,1.2,high,peak,False
PA0551,YVR,YEG,2026-09-22,08:15,120.38,150,37,0.94,low,regular,False
PA0552,YUL,YHZ,2027-01-25,08:15,122.51,120,90,1.09,medium,peak,False
PA0553,YYZ,YHZ,2027-02-01,16:10,156.68,120,83,1.02,medium,regular,False
PA0554,YYZ,YVR,2026-09-30,18:35,262.46,120,44,1.27,high,regular,False
PA0555,YEG,YYC,2027-03-16,08:15,91.22,150,114,0.82,low,regular,False
PA0556,YUL,YYZ,2027-03-06,16:10,118.05,180,150,1.25,high,regular,True
PA0557,YUL,YYZ,2027-01-26,18:35,119.95,120,82,1.45,high,peak,False
PA0558,YHZ,YUL,2026-11-08,21:05,131.16,180,41,0.75,low,shoulder,True
PA0559,YEG,YVR,2026-12-02,08:15,119.33,120,86,1.0,medium,peak,False
PA0560,YEG,YYC,2026-12-11,08:15,87.6,120,53,1.0,medium,peak,False
PA0561,YUL,YHZ,2027-03-08,13:20,123.53,150,75,0.89,low,regular,False
PA0562,YUL,YYZ,2026-11-22,18:35,114.34,150,112,1.35,high,shoulder,True
PA0563,YVR,YYZ,2026-10-13,21:05,252.73,150,21,1.12,medium,regular,False
PA0564,YVR,YYC,2027-01-05,18:35,113.65,120,49,1.28,high,peak,False
PA0565,YYZ,YYC,2027-03-06,18:35,240.02,150,123,1.39,high,regular,True
PA0566,YYZ,YHZ,2026-10-11,10:45,185.72,180,44,1.16,high,regular,True
PA0567,YYZ,YHZ,2026-12-25,18:35,180.09,220,106,0.99,medium,peak,False
PA0568,YUL,YYZ,2026-10-21,18:35,110.49,120,12,1.26,high,regular,False
PA0569,YUL,YHZ,2027-01-19,21:05,131.18,220,125,1.07,medium,peak,False
PA0570,YYZ,YVR,2027-03-12,21:05,280.15,150,126,1.24,high,regular,False
PA0571,YYC,YEG,2026-09-29,06:30,102.0,180,48,0.92,low,regular,False
PA0572,YYZ,YWG,2027-02-12,18:35,149.99,150,78,0.96,medium,regular,False
PA0573,YYZ,YWG,2027-03-13,18:35,154.44,120,105,1.09,medium,regular,True
PA0574,YVR,YEG,2026-10-26,21:05,115.13,120,8,0.99,medium,regular,False
PA0575,YEG,YYC,2027-01-22,21:05,90.08,150,75,1.04,medium,peak,False
PA0576,YYZ,YHZ,2026-09-30,16:10,180.78,150,56,1.01,medium,regular,False
PA0577,YYZ,YUL,2027-01-13,13:20,115.59,220,105,1.4,high,peak,False
PA0578,YEG,YYC,2027-03-04,06:30,95.93,120,87,0.94,low,regular,False
PA0579,YYZ,YUL,2027-02-19,16:10,123.71,180,105,1.21,high,regular,False
PA0580,YYC,YEG,2026-12-14,10:45,91.81,120,49,0.86,low,peak,False
PA0581,YHZ,YUL,2027-02-18,13:20,142.0,180,128,0.89,low,regular,False
PA0582,YOW,YYZ,2026-09-18,10:45,100.63,180,13,0.9,low,regular,False
PA0583,YYZ,YWG,2026-12-22,18:35,143.85,120,55,1.06,medium,peak,False
PA0584,YEG,YVR,2026-10-15,10:45,112.54,150,31,1.15,high,regular,False
PA0585,YYC,YEG,2026-11-05,18:35,103.11,180,50,0.93,low,shoulder,False
PA0586,YUL,YHZ,2026-10-19,21:05,135.11,220,105,0.96,medium,regular,False
PA0587,YEG,YYC,2026-09-19,16:10,96.62,120,42,0.96,medium,regular,True
PA0588,YYZ,YWG,2026-11-02,18:35,151.51,150,56,0.89,low,shoulder,False
PA0589,YHZ,YUL,2027-02-20,10:45,140.2,220,186,1.04,medium,regular,True
PA0590,YOW,YYZ,2026-11-27,13:20,97.3,180,57,1.01,medium,shoulder,False
PA0591,YEG,YVR,2027-02-19,18:35,110.72,180,111,0.9,low,regular,False
PA0592,YWG,YYZ,2027-02-26,08:15,160.78,150,98,1.1,medium,regular,False
PA0593,YYZ,YYC,2027-03-03,08:15,222.74,180,135,1.05,medium,regular,False
PA0594,YUL,YHZ,2027-02-11,18:35,135.92,220,178,0.78,low,regular,False
PA0595,YEG,YVR,2026-09-21,16:10,118.92,120,20,0.99,medium,regular,False
PA0596,YYZ,YOW,2026-11-25,21:05,97.57,150,39,1.02,medium,shoulder,False
PA0597,YVR,YYZ,2027-03-13,21:05,252.65,180,118,1.39,high,regular,True
PA0598,YYC,YEG,2026-10-14,16:10,90.01,150,47,0.83,low,regular,False
PA0599,YHZ,YYZ,2027-03-14,18:35,185.53,120,71,1.05,medium,regular,True
PA0600,YVR,YYC,2027-02-06,06:30,134.22,120,81,1.14,medium,regular,True
PA0601,YYC,YEG,2026-11-14,18:35,96.96,180,72,0.84,low,shoulder,True
PA0602,YYZ,YOW,2026-12-02,13:20,114.71,150,62,1.15,high,peak,False
PA0603,YYZ,YWG,2026-10-18,13:20,143.53,120,55,1.08,medium,regular,True
PA0604,YUL,YHZ,2026-11-22,06:30,122.58,180,127,0.98,medium,shoulder,True
PA0605,YVR,YYC,2027-02-17,06:30,121.45,180,154,1.14,medium,regular,False
PA0606,YVR,YYC,2027-01-30,08:15,116.48,150,129,1.24,high,peak,True
PA0607,YWG,YYZ,2027-02-02,13:20,160.06,120,97,1.11,medium,regular,False
PA0608,YVR,YYC,2026-12-19,10:45,124.37,150,54,1.23,high,peak,True
PA0609,YWG,YYZ,2027-03-03,06:30,167.54,120,92,0.9,low,regular,False
PA0610,YHZ,YUL,2027-02-24,08:15,146.23,120,89,0.87,low,regular,False
PA0611,YUL,YYZ,2026-12-25,10:45,126.49,180,71,1.36,high,peak,False
PA0612,YYZ,YWG,2027-01-26,13:20,145.47,220,86,1.1,medium,peak,False
PA0613,YYZ,YWG,2026-10-09,06:30,156.03,150,13,0.96,medium,regular,False
PA0614,YYZ,YUL,2026-11-10,18:35,110.49,150,46,1.17,high,shoulder,False
PA0615,YWG,YYZ,2027-03-16,18:35,162.65,220,192,0.83,low,regular,False
PA0616,YYZ,YYC,2026-09-24,13:20,205.83,180,35,1.19,high,regular,False
PA0617,YYZ,YHZ,2027-02-07,06:30,168.34,150,86,1.05,medium,regular,True
PA0618,YVR,YEG,2027-01-06,10:45,103.64,120,75,1.08,medium,peak,False
PA0619,YHZ,YUL,2026-10-04,21:05,146.56,120,35,0.96,medium,regular,True
PA0620,YUL,YYZ,2026-12-01,21:05,130.24,180,97,1.31,high,peak,False
PA0621,YVR,YEG,2026-12-28,21:05,106.64,120,83,1.07,medium,peak,False
PA0622,YVR,YEG,2027-02-04,10:45,125.7,150,111,1.14,medium,regular,False
PA0623,YYC,YVR,2026-09-20,16:10,127.42,150,33,1.2,high,regular,True
PA0624,YWG,YYZ,2027-02-05,06:30,162.0,180,112,1.11,medium,regular,False
PA0625,YYZ,YOW,2027-01-01,18:35,112.03,150,77,1.2,high,peak,False
PA0626,YYZ,YOW,2026-10-17,08:15,115.38,120,18,0.99,medium,regular,True
PA0627,YYC,YEG,2027-03-02,16:10,87.37,120,85,0.96,medium,regular,False
PA0628,YUL,YHZ,2027-01-20,10:45,124.2,180,90,1.08,medium,peak,False
PA0629,YHZ,YUL,2026-10-05,08:15,139.3,180,69,0.94,low,regular,False
PA0630,YUL,YHZ,2026-10-27,16:10,126.05,180,43,0.74,low,regular,False
PA0631,YVR,YYC,2026-11-20,21:05,119.42,150,70,0.97,medium,shoulder,False
PA0632,YYC,YVR,2026-10-22,18:35,121.47,180,42,1.07,medium,regular,False
PA0633,YHZ,YYZ,2027-01-20,16:10,181.62,120,66,1.2,high,peak,False
PA0634,YYZ,YYC,2027-02-02,08:15,230.01,180,122,1.07,medium,regular,False
PA0635,YYZ,YVR,2027-01-25,18:35,274.0,120,69,1.2,high,peak,False
PA0636,YYZ,YOW,2026-09-27,16:10,104.41,180,121,1.06,medium,regular,True
PA0637,YYZ,YYC,2026-12-20,13:20,235.72,150,59,1.24,high,peak,True
PA0638,YYZ,YYC,2027-01-14,16:10,227.16,120,86,1.31,high,peak,False
PA0639,YHZ,YUL,2027-03-12,08:15,147.12,150,116,0.95,medium,regular,False
PA0640,YYZ,YYC,2027-01-19,10:45,200.77,120,71,1.34,high,peak,False
PA0641,YYC,YVR,2026-11-16,06:30,122.2,150,93,1.06,medium,shoulder,False
PA0642,YYC,YEG,2026-09-29,06:30,97.54,180,2,1.06,medium,regular,False
PA0643,YYZ,YHZ,2026-11-24,16:10,172.98,150,78,1.03,medium,shoulder,False
PA0644,YYZ,YUL,2027-01-28,10:45,117.74,220,124,1.34,high,peak,False
PA0645,YYC,YVR,2027-01-20,21:05,134.55,220,134,1.19,high,peak,False
PA0646,YYC,YEG,2026-10-30,08:15,88.35,120,55,0.92,low,regular,False
PA0647,YYC,YYZ,2026-12-19,16:10,212.53,120,70,1.24,high,peak,True
PA0648,YUL,YYZ,2027-01-19,18:35,123.53,220,171,1.36,high,peak,False
PA0649,YEG,YVR,2026-09-23,08:15,106.6,120,15,1.06,medium,regular,False
PA0650,YYZ,YWG,2026-09-28,16:10,145.08,150,25,1.0,medium,regular,False
PA0651,YVR,YEG,2027-02-18,16:10,122.39,120,67,0.89,low,regular,False
PA0652,YYZ,YUL,2026-11-12,13:20,127.93,220,77,1.19,high,shoulder,False
PA0653,YHZ,YUL,2026-10-24,21:05,126.03,150,66,0.92,low,regular,True
PA0654,YVR,YYC,2027-01-12,16:10,115.21,120,70,1.28,high,peak,False
PA0655,YYZ,YOW,2027-01-29,21:05,98.23,220,126,1.05,medium,peak,False
PA0656,YHZ,YUL,2027-02-18,06:30,145.85,120,66,0.99,medium,regular,False
PA0657,YWG,YYZ,2026-09-18,21:05,140.85,220,74,0.97,medium,regular,False
PA0658,YYZ,YWG,2027-01-05,08:15,157.76,220,119,0.97,medium,peak,False
PA0659,YUL,YHZ,2026-10-13,13:20,146.07,150,46,1.07,medium,regular,False
PA0660,YYZ,YUL,2026-11-29,16:10,125.85,220,100,1.3,high,shoulder,True
PA0661,YYZ,YVR,2027-02-12,16:10,244.68,120,97,1.22,high,regular,False
PA0662,YVR,YYC,2026-12-31,10:45,118.84,120,55,1.3,high,peak,False
PA0663,YWG,YYZ,2027-01-04,16:10,151.82,180,153,0.89,low,peak,False
PA0664,YYZ,YOW,2027-01-01,16:10,104.66,220,108,1.24,high,peak,False
PA0665,YHZ,YYZ,2027-02-12,10:45,175.42,220,157,0.87,low,regular,False
PA0666,YOW,YYZ,2027-01-10,21:05,111.01,150,71,1.27,high,peak,True
PA0667,YWG,YYZ,2027-02-22,18:35,139.66,120,64,1.16,high,regular,False
PA0668,YYZ,YUL,2026-10-25,13:20,116.9,220,58,1.37,high,regular,True
PA0669,YHZ,YUL,2026-09-27,18:35,139.22,220,31,0.96,medium,regular,True
PA0670,YHZ,YYZ,2027-02-17,06:30,159.86,150,117,0.96,medium,regular,False
PA0671,YYZ,YWG,2026-11-30,08:15,161.15,120,51,0.84,low,shoulder,False
PA0672,YHZ,YUL,2026-10-31,18:35,147.84,120,57,1.08,medium,regular,True
PA0673,YYZ,YUL,2026-11-27,21:05,122.07,220,114,1.29,high,shoulder,False
PA0674,YYZ,YWG,2026-09-21,18:35,162.01,120,12,0.93,low,regular,False
PA0675,YWG,YYZ,2027-02-14,10:45,158.3,180,109,1.03,medium,regular,True
PA0676,YYZ,YOW,2027-01-12,13:20,96.74,120,72,1.23,high,peak,False
PA0677,YYZ,YUL,2027-01-24,10:45,130.96,180,77,1.36,high,peak,True
PA0678,YWG,YYZ,2027-02-12,10:45,163.37,220,119,0.96,medium,regular,False
PA0679,YVR,YYC,2027-01-13,18:35,124.55,220,90,1.1,medium,peak,False
PA0680,YYZ,YHZ,2026-10-05,13:20,163.73,150,47,0.98,medium,regular,False
PA0681,YYC,YVR,2027-01-28,16:10,119.68,120,81,1.14,medium,peak,False
PA0682,YVR,YEG,2027-03-09,18:35,114.46,180,82,1.07,medium,regular,False
PA0683,YYC,YVR,2026-11-12,16:10,135.76,180,57,1.2,high,shoulder,False
PA0684,YYZ,YOW,2027-01-23,18:35,100.07,150,93,1.27,high,peak,True
PA0685,YOW,YYZ,2026-11-08,21:05,110.86,150,49,1.03,medium,shoulder,True
PA0686,YUL,YYZ,2026-10-08,18:35,121.0,220,97,1.19,high,regular,False
PA0687,YVR,YYZ,2027-01-19,10:45,280.64,180,174,1.31,high,peak,False
PA0688,YYZ,YHZ,2027-01-21,08:15,157.36,180,141,1.18,high,peak,False
PA0689,YYZ,YWG,2027-01-04,13:20,160.78,120,83,1.05,medium,peak,False
PA0690,YYC,YYZ,2027-01-13,06:30,227.66,220,133,1.26,high,peak,False
PA0691,YVR,YEG,2027-02-13,06:30,107.8,180,153,1.16,high,regular,True
PA0692,YYZ,YHZ,2026-11-17,10:45,159.25,220,68,0.96,medium,shoulder,False
PA0693,YEG,YVR,2026-11-10,13:20,113.87,180,85,0.99,medium,shoulder,False
PA0694,YUL,YHZ,2026-10-21,16:10,143.21,150,38,0.81,low,regular,False
PA0695,YWG,YYZ,2027-01-06,21:05,162.39,220,111,1.19,high,peak,False
PA0696,YEG,YYC,2026-09-20,08:15,101.64,220,137,0.99,medium,regular,True
PA0697,YYZ,YWG,2027-02-01,18:35,156.93,180,114,0.91,low,regular,False
PA0698,YUL,YHZ,2026-09-30,13:20,143.47,120,33,0.9,low,regular,False
PA0699,YEG,YYC,2027-02-26,06:30,92.35,220,155,0.87,low,regular,False
PA0700,YWG,YYZ,2026-11-22,10:45,160.57,120,63,1.03,medium,shoulder,True
PA0701,YHZ,YUL,2026-11-07,16:10,130.28,150,43,0.93,low,shoulder,True
PA0702,YYZ,YWG,2027-01-20,21:05,148.38,220,117,1.0,medium,peak,False
PA0703,YYZ,YYC,2026-10-30,18:35,215.81,180,91,1.23,high,regular,False
PA0704,YYZ,YUL,2026-10-08,08:15,114.99,180,49,1.35,high,regular,False
PA0705,YYZ,YHZ,2027-02-19,18:35,182.34,220,158,1.12,medium,regular,False
PA0706,YYC,YVR,2027-02-15,16:10,113.08,220,168,1.16,high,regular,False
PA0707,YOW,YYZ,2027-03-06,10:45,96.51,120,80,1.22,high,regular,True
PA0708,YEG,YYC,2027-02-05,06:30,104.42,120,78,0.83,low,regular,False
PA0709,YUL,YYZ,2026-11-24,16:10,117.36,150,30,1.32,high,shoulder,False
PA0710,YOW,YYZ,2026-11-20,18:35,105.56,180,87,1.04,medium,shoulder,False
PA0711,YYC,YYZ,2026-09-25,06:30,218.95,180,32,1.13,medium,regular,False
PA0712,YWG,YYZ,2026-11-26,16:10,156.22,220,55,1.08,medium,shoulder,False
PA0713,YUL,YHZ,2027-02-17,13:20,129.86,220,191,0.91,low,regular,False
PA0714,YYC,YVR,2027-01-19,16:10,121.64,150,86,1.12,medium,peak,False
PA0715,YYZ,YHZ,2026-10-27,10:45,181.83,120,15,1.03,medium,regular,False
PA0716,YYC,YVR,2026-11-30,13:20,131.39,120,61,0.99,medium,shoulder,False
PA0717,YHZ,YYZ,2026-09-20,21:05,180.09,220,40,0.99,medium,regular,True
PA0718,YWG,YYZ,2026-12-22,08:15,147.25,220,95,0.99,medium,peak,False
PA0719,YVR,YEG,2026-12-23,08:15,115.38,180,69,1.1,medium,peak,False
PA0720,YHZ,YUL,2027-03-14,18:35,143.34,180,134,1.12,medium,regular,True
PA0721,YEG,YVR,2026-11-05,21:05,118.15,120,40,0.99,medium,shoulder,False
PA0722,YHZ,YUL,2027-01-11,10:45,122.84,220,128,1.01,medium,peak,False
PA0723,YWG,YYZ,2026-09-23,08:15,153.09,120,30,1.02,medium,regular,False
PA0724,YYZ,YVR,2026-11-16,06:30,255.85,150,49,1.19,high,shoulder,False
PA0725,YEG,YYC,2026-12-22,13:20,103.58,120,77,1.13,medium,peak,False
PA0726,YVR,YYZ,2026-11-25,21:05,243.99,220,70,1.22,high,shoulder,False
PA0727,YYZ,YHZ,2026-12-24,21:05,161.46,120,46,1.19,high,peak,False
PA0728,YYC,YEG,2026-11-20,18:35,87.29,120,44,1.0,medium,shoulder,False
PA0729,YYZ,YOW,2027-01-17,13:20,109.79,180,98,1.19,high,peak,True
PA0730,YWG,YYZ,2027-01-29,06:30,150.67,180,135,1.06,medium,peak,False
PA0731,YVR,YYZ,2027-03-07,08:15,234.78,120,83,1.38,high,regular,True
PA0732,YYZ,YHZ,2027-02-14,06:30,154.43,220,153,1.08,medium,regular,True
PA0733,YEG,YYC,2027-03-13,16:10,88.5,150,110,1.02,medium,regular,True
PA0734,YYZ,YUL,2027-03-12,16:10,123.0,180,59,1.17,high,regular,False
PA0735,YVR,YYZ,2026-12-18,18:35,240.54,150,87,1.16,high,peak,False
PA0736,YOW,YYZ,2026-12-08,16:10,98.55,180,79,1.07,medium,peak,False
PA0737,YVR,YEG,2026-12-18,18:35,119.75,150,77,1.07,medium,peak,False
PA0738,YWG,YYZ,2026-12-02,16:10,150.28,220,96,1.1,medium,peak,False
PA0739,YYC,YEG,2026-11-27,21:05,91.12,150,58,0.9,low,shoulder,False
PA0740,YYZ,YHZ,2027-02-03,10:45,165.89,220,109,1.03,medium,regular,False
PA0741,YYC,YYZ,2026-09-22,16:10,229.72,180,40,1.12,medium,regular,False
PA0742,YWG,YYZ,2026-12-26,08:15,148.28,220,117,1.06,medium,peak,True
PA0743,YEG,YVR,2027-03-01,10:45,104.51,120,67,1.05,medium,regular,False
PA0744,YYZ,YYC,2026-11-02,21:05,202.35,120,39,1.22,high,shoulder,False
PA0745,YUL,YHZ,2027-03-01,21:05,140.44,220,172,0.85,low,regular,False
PA0746,YYZ,YHZ,2026-09-30,10:45,184.63,150,45,1.01,medium,regular,False
PA0747,YYZ,YOW,2027-03-04,13:20,102.08,120,104,1.1,medium,regular,False
PA0748,YEG,YVR,2026-12-21,21:05,104.44,120,58,0.99,medium,peak,False
PA0749,YYZ,YUL,2026-12-04,06:30,125.4,150,63,1.34,high,peak,False
PA0750,YWG,YYZ,2026-12-25,08:15,158.89,150,94,1.04,medium,peak,False
PA0751,YYC,YYZ,2027-02-07,18:35,223.37,220,150,1.1,medium,regular,True
PA0752,YYC,YEG,2027-03-16,18:35,88.93,220,142,0.9,low,regular,False
PA0753,YVR,YEG,2027-01-25,10:45,124.97,150,119,1.03,medium,peak,False
PA0754,YVR,YYC,2027-02-05,10:45,133.15,180,147,1.19,high,regular,False
PA0755,YVR,YYC,2027-02-20,08:15,131.11,150,121,1.26,high,regular,True
PA0756,YYC,YVR,2027-01-11,13:20,119.61,220,123,1.2,high,peak,False
PA0757,YYZ,YVR,2027-01-28,08:15,245.17,180,54,1.31,high,peak,False
PA0758,YVR,YYC,2026-09-23,21:05,126.77,180,20,1.08,medium,regular,False
PA0759,YUL,YHZ,2026-10-27,06:30,128.65,120,50,0.94,low,regular,False
PA0760,YUL,YHZ,2026-11-20,08:15,132.29,180,73,0.85,low,shoulder,False
PA0761,YYZ,YOW,2026-10-07,18:35,111.84,180,48,1.03,medium,regular,False
PA0762,YUL,YHZ,2026-10-12,16:10,131.8,180,16,0.96,medium,regular,False
PA0763,YVR,YYZ,2026-12-12,10:45,279.23,220,155,1.44,high,peak,True
PA0764,YOW,YYZ,2027-03-04,21:05,95.64,120,98,1.0,medium,regular,False
PA0765,YYZ,YWG,2026-09-28,10:45,144.25,150,51,1.09,medium,regular,False
PA0766,YVR,YEG,2027-01-10,21:05,112.57,120,68,1.18,high,peak,True
PA0767,YYZ,YYC,2026-12-13,06:30,215.56,220,117,1.3,high,peak,True
PA0768,YYZ,YUL,2026-12-29,16:10,111.24,220,119,1.31,high,peak,False
PA0769,YWG,YYZ,2026-11-07,13:20,158.6,220,94,0.95,medium,shoulder,True
PA0770,YYZ,YWG,2026-11-20,08:15,160.73,120,53,1.01,medium,shoulder,False
PA0771,YUL,YHZ,2026-10-10,06:30,130.16,220,86,1.02,medium,regular,True
PA0772,YHZ,YUL,2027-03-04,06:30,143.68,180,116,0.99,medium,regular,False
PA0773,YYC,YEG,2027-02-24,08:15,89.29,220,107,0.97,medium,regular,False
PA0774,YYC,YVR,2026-10-27,21:05,136.22,120,38,1.15,high,regular,False
PA0775,YYZ,YYC,2026-11-30,06:30,217.8,180,86,1.09,medium,shoulder,False
PA0776,YYZ,YVR,2026-12-11,08:15,247.45,150,68,1.39,high,peak,False
PA0777,YEG,YYC,2027-02-24,18:35,92.66,150,114,0.82,low,regular,False
PA0778,YYZ,YWG,2026-09-29,10:45,161.09,150,28,1.0,medium,regular,False
PA0779,YYZ,YHZ,2026-10-01,13:20,175.54,120,12,1.08,medium,regular,False
PA0780,YYC,YVR,2026-10-15,06:30,118.28,180,35,1.04,medium,regular,False
PA0781,YVR,YEG,2027-01-26,18:35,117.23,120,63,1.0,medium,peak,False
PA0782,YYZ,YUL,2026-11-04,08:15,108.95,220,121,1.18,high,shoulder,False
PA0783,YYZ,YWG,2026-12-05,10:45,150.25,220,116,1.14,medium,peak,True
PA0784,YYC,YVR,2026-12-17,18:35,125.03,180,87,1.42,high,peak,False
PA0785,YVR,YYZ,2027-02-25,10:45,235.53,220,117,1.14,medium,regular,False
PA0786,YWG,YYZ,2026-11-28,08:15,143.76,150,77,1.06,medium,shoulder,True
PA0787,YVR,YEG,2027-01-29,18:35,113.31,150,118,1.1,medium,peak,False
PA0788,YHZ,YYZ,2027-02-19,10:45,157.71,220,171,1.02,medium,regular,False
PA0789,YWG,YYZ,2027-03-12,21:05,161.36,150,95,0.93,low,regular,False
PA0790,YYZ,YWG,2026-10-22,13:20,144.4,150,63,0.89,low,regular,False
PA0791,YYZ,YUL,2027-02-07,16:10,111.49,120,70,1.45,high,regular,True
PA0792,YYZ,YVR,2026-12-08,13:20,276.73,220,120,1.43,high,peak,False
PA0793,YYZ,YHZ,2026-10-26,21:05,178.92,150,43,1.06,medium,regular,False
PA0794,YHZ,YUL,2027-02-22,10:45,122.2,150,116,0.9,low,regular,False
PA0795,YYZ,YUL,2027-03-13,21:05,119.25,220,120,1.45,high,regular,True
PA0796,YYC,YVR,2026-11-04,21:05,117.33,220,97,1.08,medium,shoulder,False
PA0797,YVR,YYZ,2026-12-31,21:05,245.57,120,35,1.21,high,peak,False
PA0798,YYZ,YOW,2026-11-09,06:30,112.71,150,11,0.93,low,shoulder,False
PA0799,YEG,YYC,2027-03-13,10:45,100.25,220,133,0.94,low,regular,True
PA0800,YHZ,YUL,2026-12-24,18:35,136.94,180,136,1.12,medium,peak,False
PA0801,YWG,YYZ,2027-01-30,18:35,165.14,120,94,1.1,medium,peak,True
PA0802,YVR,YYZ,2026-11-19,16:10,254.14,220,85,1.18,high,shoulder,False
PA0803,YVR,YYZ,2026-11-05,10:45,277.04,220,101,1.22,high,shoulder,False
PA0804,YYC,YEG,2026-10-30,13:20,95.32,180,70,0.91,low,regular,False
PA0805,YYZ,YYC,2027-01-14,21:05,205.91,220,106,1.3,high,peak,False
PA0806,YUL,YHZ,2027-03-15,16:10,122.17,150,117,0.97,medium,regular,False
PA0807,YYC,YEG,2027-02-16,18:35,91.66,150,99,0.91,low,regular,False
PA0808,YYC,YYZ,2026-10-19,06:30,201.75,120,44,1.07,medium,regular,False
PA0809,YVR,YEG,2027-01-26,16:10,121.17,150,109,1.1,medium,peak,False
PA0810,YVR,YYC,2027-02-09,21:05,131.73,150,97,1.17,high,regular,False
PA0811,YVR,YYZ,2027-01-03,10:45,249.02,180,109,1.16,high,peak,True
PA0812,YYC,YYZ,2026-10-18,08:15,198.54,150,17,1.24,high,regular,True
PA0813,YEG,YYC,2027-01-23,16:10,89.62,120,89,1.0,medium,peak,True
PA0814,YEG,YYC,2027-01-12,13:20,90.15,220,99,1.05,medium,peak,False
PA0815,YWG,YYZ,2026-11-28,16:10,159.75,150,58,1.0,medium,shoulder,True
PA0816,YVR,YYZ,2026-10-25,21:05,249.52,120,55,1.16,high,regular,True
PA0817,YYZ,YUL,2026-09-30,06:30,114.83,220,42,1.28,high,regular,False
PA0818,YHZ,YUL,2027-02-11,21:05,131.23,150,74,0.9,low,regular,False
PA0819,YVR,YYZ,2026-10-11,21:05,276.65,180,74,1.44,high,regular,True
PA0820,YEG,YVR,2027-02-05,06:30,123.27,180,132,0.99,medium,regular,False
PA0821,YVR,YYC,2027-01-30,13:20,115.23,150,106,1.16,high,peak,True
PA0822,YYZ,YWG,2026-10-10,13:20,147.55,180,90,1.11,medium,regular,True
PA0823,YUL,YHZ,2027-02-24,10:45,141.19,150,121,0.87,low,regular,False
PA0824,YEG,YYC,2027-01-22,21:05,91.02,150,84,0.96,medium,peak,False
PA0825,YYZ,YOW,2026-09-18,06:30,109.99,120,52,1.11,medium,regular,False
PA0826,YYZ,YOW,2027-02-22,13:20,111.43,220,131,1.1,medium,regular,False
PA0827,YYZ,YOW,2026-09-20,18:35,95.92,150,40,1.08,medium,regular,True
PA0828,YHZ,YYZ,2027-01-25,16:10,164.33,180,113,1.06,medium,peak,False
PA0829,YVR,YEG,2027-02-10,16:10,122.68,120,78,0.93,low,regular,False
PA0830,YEG,YYC,2027-01-17,21:05,97.42,120,83,0.99,medium,peak,True
PA0831,YWG,YYZ,2026-12-12,13:20,155.65,220,101,1.1,medium,peak,True
PA0832,YUL,YHZ,2027-03-10,10:45,143.09,120,78,1.05,medium,regular,False
PA0833,YYC,YVR,2026-10-04,08:15,121.88,180,39,1.13,medium,regular,True
PA0834,YWG,YYZ,2026-10-30,16:10,163.75,220,74,1.02,medium,regular,False
PA0835,YHZ,YYZ,2026-12-07,18:35,182.82,120,58,1.13,medium,peak,False
PA0836,YYC,YVR,2027-01-11,21:05,115.31,180,103,1.27,high,peak,False
PA0837,YVR,YYZ,2026-11-08,06:30,281.06,220,132,1.23,high,shoulder,True
PA0838,YYZ,YYC,2026-11-05,10:45,232.12,220,86,1.03,medium,shoulder,False
PA0839,YYZ,YYC,2026-10-13,21:05,215.05,150,44,1.2,high,regular,False
PA0840,YYZ,YWG,2026-10-17,06:30,157.92,180,27,0.99,medium,regular,True
PA0841,YYZ,YUL,2026-12-12,13:20,125.89,120,40,1.45,high,peak,True
PA0842,YYZ,YVR,2027-02-12,21:05,244.43,180,134,1.19,high,regular,False
PA0843,YHZ,YYZ,2026-11-27,16:10,162.27,180,76,0.86,low,shoulder,False
PA0844,YYC,YYZ,2026-11-27,06:30,202.5,120,36,1.1,medium,shoulder,False
PA0845,YWG,YYZ,2026-12-16,16:10,164.42,180,98,1.24,high,peak,False
PA0846,YUL,YHZ,2026-11-19,08:15,136.1,120,62,1.04,medium,shoulder,False
PA0847,YVR,YYZ,2026-10-21,06:30,253.95,220,65,1.22,high,regular,False
PA0848,YYZ,YUL,2027-01-05,13:20,123.11,150,96,1.19,high,peak,False
PA0849,YYC,YEG,2027-02-22,10:45,99.91,180,133,0.98,medium,regular,False
PA0850,YWG,YYZ,2026-10-08,21:05,164.37,220,74,0.97,medium,regular,False
PA0851,YYC,YEG,2026-10-12,13:20,94.34,180,68,0.81,low,regular,False
PA0852,YOW,YYZ,2026-11-14,08:15,109.19,180,55,1.05,medium,shoulder,True
PA0853,YVR,YYC,2026-12-10,13:20,121.29,220,78,1.22,high,peak,False
PA0854,YYC,YEG,2026-10-31,10:45,87.46,180,74,0.96,medium,regular,True
PA0855,YUL,YYZ,2026-12-10,16:10,117.62,120,54,1.25,high,peak,False
PA0856,YEG,YVR,2026-11-18,16:10,112.33,150,109,0.87,low,shoulder,False
PA0857,YVR,YYC,2026-11-10,21:05,132.18,220,80,1.0,medium,shoulder,False
PA0858,YWG,YYZ,2027-03-14,08:15,168.36,150,109,1.01,medium,regular,True
PA0859,YUL,YHZ,2027-01-20,06:30,133.52,220,142,1.03,medium,peak,False
PA0860,YHZ,YYZ,2026-12-30,06:30,180.88,120,74,1.0,medium,peak,False
PA0861,YVR,YYC,2027-01-22,18:35,134.68,120,53,1.28,high,peak,False
PA0862,YYZ,YVR,2026-10-25,18:35,266.01,150,66,1.31,high,regular,True
PA0863,YYC,YEG,2026-11-07,08:15,98.41,180,81,1.08,medium,shoulder,True
PA0864,YEG,YVR,2026-12-15,06:30,123.0,120,74,0.99,medium,peak,False
PA0865,YHZ,YYZ,2026-10-03,10:45,186.28,120,14,1.09,medium,regular,True
PA0866,YUL,YYZ,2026-11-29,21:05,117.46,120,52,1.41,high,shoulder,True
PA0867,YVR,YYC,2026-12-24,13:20,116.84,220,134,1.22,high,peak,False
PA0868,YYZ,YYC,2026-11-05,16:10,216.36,220,69,1.07,medium,shoulder,False
PA0869,YHZ,YYZ,2027-03-08,08:15,157.9,150,79,1.04,medium,regular,False
PA0870,YEG,YYC,2027-03-05,13:20,93.4,150,83,0.99,medium,regular,False
PA0871,YYC,YEG,2027-03-15,16:10,93.56,220,175,0.87,low,regular,False
PA0872,YYC,YEG,2026-12-25,10:45,96.48,150,71,1.1,medium,peak,False
PA0873,YOW,YYZ,2027-01-24,10:45,95.2,220,108,1.16,high,peak,True
PA0874,YVR,YYZ,2027-02-10,13:20,269.91,180,105,1.29,high,regular,False
PA0875,YYZ,YYC,2027-01-30,21:05,237.16,180,126,1.32,high,peak,True
PA0876,YYZ,YUL,2026-11-19,13:20,121.91,120,58,1.14,medium,shoulder,False
PA0877,YHZ,YUL,2026-10-01,10:45,134.17,120,49,0.95,medium,regular,False
PA0878,YVR,YYC,2027-01-03,10:45,135.57,180,103,1.28,high,peak,True
PA0879,YHZ,YYZ,2027-02-09,10:45,172.48,120,95,0.95,medium,regular,False
PA0880,YHZ,YYZ,2027-02-24,06:30,155.61,180,137,1.03,medium,regular,False
PA0881,YYZ,YHZ,2026-11-21,08:15,178.21,180,80,1.1,medium,shoulder,True
PA0882,YHZ,YUL,2026-11-01,16:10,126.24,150,64,0.88,low,shoulder,True
PA0883,YOW,YYZ,2027-01-20,08:15,97.55,120,78,1.18,high,peak,False
PA0884,YYZ,YYC,2027-01-22,21:05,217.37,220,135,1.19,high,peak,False
PA0885,YYC,YYZ,2026-11-10,16:10,234.06,180,55,1.15,high,shoulder,False
PA0886,YVR,YYZ,2026-10-30,13:20,283.31,220,108,1.24,high,regular,False
PA0887,YWG,YYZ,2026-11-16,13:20,166.48,220,105,0.94,low,shoulder,False
PA0888,YYZ,YVR,2026-11-30,21:05,261.57,220,117,1.23,high,shoulder,False
PA0889,YVR,YYZ,2026-10-12,16:10,281.74,180,32,1.21,high,regular,False
PA0890,YYZ,YHZ,2026-12-12,10:45,172.86,180,84,1.1,medium,peak,True
PA0891,YYC,YEG,2027-03-09,18:35,89.2,150,107,0.82,low,regular,False
PA0892,YVR,YYC,2027-03-10,18:35,112.71,150,106,1.14,medium,regular,False
PA0893,YYZ,YUL,2026-09-21,13:20,116.44,120,50,1.26,high,regular,False
PA0894,YHZ,YYZ,2026-11-21,08:15,184.91,120,45,1.05,medium,shoulder,True
PA0895,YYZ,YOW,2027-02-18,18:35,112.49,120,86,1.04,medium,regular,False
PA0896,YYZ,YYC,2026-12-23,18:35,209.15,150,58,1.17,high,peak,False
PA0897,YYC,YEG,2027-03-06,06:30,93.61,220,135,0.96,medium,regular,True
PA0898,YVR,YYC,2026-11-22,08:15,122.21,120,53,1.17,high,shoulder,True
PA0899,YVR,YYZ,2026-11-23,21:05,284.93,180,75,1.21,high,shoulder,False
PA0900,YYZ,YOW,2027-02-21,13:20,105.85,150,110,1.11,medium,regular,True
PA0901,YEG,YVR,2026-11-12,16:10,105.88,120,28,0.86,low,shoulder,False
PA0902,YYZ,YUL,2026-10-06,16:10,119.94,180,50,1.26,high,regular,False
PA0903,YYZ,YVR,2026-09-27,18:35,281.04,220,60,1.41,high,regular,True
PA0904,YUL,YHZ,2026-09-18,16:10,141.15,220,76,0.94,low,regular,False
PA0905,YYZ,YUL,2027-02-03,08:15,126.72,120,96,1.36,high,regular,False
PA0906,YUL,YYZ,2027-02-10,16:10,109.32,180,133,1.34,high,regular,False
PA0907,YYZ,YUL,2026-12-20,16:10,126.4,180,73,1.45,high,peak,True
PA0908,YYZ,YOW,2026-11-02,16:10,100.78,120,23,1.01,medium,shoulder,False
PA0909,YVR,YEG,2026-10-15,18:35,113.57,180,101,0.99,medium,regular,False
PA0910,YYZ,YOW,2026-10-23,06:30,99.51,150,2,1.12,medium,regular,False
PA0911,YVR,YEG,2026-10-04,21:05,122.17,180,105,1.04,medium,regular,True
PA0912,YYZ,YVR,2026-09-27,10:45,255.09,120,42,1.4,high,regular,True
PA0913,YYZ,YOW,2027-03-04,18:35,105.77,220,104,1.02,medium,regular,False
PA0914,YUL,YHZ,2026-11-16,06:30,122.01,120,51,0.79,low,shoulder,False
PA0915,YHZ,YUL,2026-09-29,08:15,145.93,150,13,0.94,low,regular,False
PA0916,YUL,YYZ,2027-01-12,16:10,127.62,150,86,1.32,high,peak,False
PA0917,YUL,YYZ,2027-01-23,16:10,116.1,150,83,1.43,high,peak,True
PA0918,YVR,YEG,2026-12-10,06:30,108.4,150,94,1.24,high,peak,False
PA0919,YVR,YYZ,2027-02-16,08:15,273.39,180,110,1.25,high,regular,False
PA0920,YYC,YYZ,2027-03-15,10:45,199.79,150,143,1.25,high,regular,False
PA0921,YUL,YYZ,2027-02-26,16:10,119.69,220,153,1.27,high,regular,False
PA0922,YYZ,YVR,2026-09-19,08:15,248.75,120,32,1.19,high,regular,True
PA0923,YEG,YYC,2027-03-14,08:15,94.06,150,96,1.04,medium,regular,True
PA0924,YOW,YYZ,2026-11-01,16:10,107.35,120,63,1.02,medium,shoulder,True
PA0925,YYZ,YUL,2027-02-25,21:05,113.66,180,127,1.29,high,regular,False
PA0926,YUL,YYZ,2027-01-31,06:30,120.18,180,77,1.23,high,peak,True
PA0927,YYC,YEG,2027-02-25,18:35,100.64,150,107,0.98,medium,regular,False
PA0928,YEG,YYC,2027-01-23,08:15,97.75,150,97,1.04,medium,peak,True
PA0929,YHZ,YYZ,2026-11-10,13:20,178.79,180,90,1.1,medium,shoulder,False
PA0930,YVR,YYZ,2026-10-14,18:35,274.85,120,29,1.21,high,regular,False
PA0931,YEG,YYC,2027-01-27,06:30,96.76,120,59,0.92,low,peak,False
PA0932,YVR,YYC,2027-01-03,08:15,118.19,180,101,1.3,high,peak,True
PA0933,YOW,YYZ,2027-01-01,21:05,104.39,150,93,1.19,high,peak,False
PA0934,YEG,YYC,2026-10-01,13:20,88.88,150,35,1.04,medium,regular,False
PA0935,YYC,YVR,2026-10-22,13:20,117.56,150,83,0.97,medium,regular,False
PA0936,YYZ,YYC,2026-09-26,18:35,218.48,120,31,1.28,high,regular,True
PA0937,YEG,YVR,2026-10-31,21:05,107.11,180,62,1.11,medium,regular,True
PA0938,YHZ,YUL,2026-10-31,16:10,134.71,150,24,1.07,medium,regular,True
PA0939,YYZ,YOW,2027-02-16,13:20,109.96,220,162,1.21,high,regular,False
PA0940,YOW,YYZ,2026-11-20,10:45,106.93,220,142,0.95,medium,shoulder,False
PA0941,YYZ,YYC,2027-02-11,06:30,218.71,220,144,1.18,high,regular,False
PA0942,YYZ,YWG,2026-09-26,13:20,164.96,220,102,1.06,medium,regular,True
PA0943,YYC,YEG,2027-01-22,08:15,99.4,120,77,1.0,medium,peak,False
PA0944,YYZ,YOW,2026-10-21,10:45,94.83,180,54,1.38,high,regular,False
PA0945,YHZ,YYZ,2026-10-29,18:35,153.83,220,50,0.93,low,regular,False
PA0946,YYC,YEG,2027-01-14,21:05,100.51,150,77,0.94,low,peak,False
PA0947,YYC,YVR,2027-02-25,13:20,134.84,120,80,1.11,medium,regular,False
PA0948,YVR,YYC,2027-01-31,06:30,136.15,180,133,1.29,high,peak,True
PA0949,YWG,YYZ,2027-02-12,21:05,166.81,150,102,0.95,medium,regular,False
PA0950,YVR,YYZ,2027-01-27,18:35,253.01,180,108,1.27,high,peak,False
PA0951,YHZ,YUL,2026-09-28,10:45,123.31,180,33,1.02,medium,regular,False
PA0952,YYZ,YOW,2026-10-23,10:45,109.98,150,76,1.05,medium,regular,False
PA0953,YUL,YHZ,2027-03-16,08:15,135.1,150,121,1.08,medium,regular,False
PA0954,YEG,YVR,2026-11-27,06:30,115.03,120,65,0.99,medium,shoulder,False
PA0955,YUL,YYZ,2027-01-16,18:35,124.16,180,129,1.43,high,peak,True
PA0956,YYZ,YUL,2026-11-05,13:20,114.92,120,18,1.31,high,shoulder,False
PA0957,YYZ,YUL,2026-10-15,08:15,111.61,180,46,1.31,high,regular,False
PA0958,YYZ,YOW,2027-01-29,18:35,105.87,120,88,1.35,high,peak,False
PA0959,YYZ,YYC,2027-01-17,10:45,210.83,220,170,1.35,high,peak,True
PA0960,YYZ,YUL,2026-09-23,21:05,116.06,150,25,1.2,high,regular,False
PA0961,YUL,YHZ,2026-12-14,18:35,135.81,180,122,1.01,medium,peak,False
PA0962,YWG,YYZ,2027-01-09,13:20,149.0,180,147,1.04,medium,peak,True
PA0963,YYZ,YHZ,2026-11-15,13:20,154.61,180,37,1.01,medium,shoulder,True
PA0964,YYC,YVR,2026-11-29,13:20,125.88,150,76,1.11,medium,shoulder,True
PA0965,YYC,YYZ,2026-11-01,21:05,241.73,150,50,1.22,high,shoulder,True
PA0966,YUL,YHZ,2026-10-20,13:20,140.59,180,69,0.97,medium,regular,False
PA0967,YVR,YYC,2026-12-15,08:15,125.84,180,147,1.27,high,peak,False
PA0968,YUL,YYZ,2026-09-24,13:20,130.27,220,46,1.09,medium,regular,False
PA0969,YYZ,YYC,2026-09-19,18:35,237.42,180,52,1.19,high,regular,True
PA0970,YUL,YHZ,2027-03-07,08:15,134.43,220,161,1.02,medium,regular,True
PA0971,YVR,YYZ,2026-10-23,18:35,277.73,120,45,1.31,high,regular,False
PA0972,YYC,YEG,2026-12-18,06:30,96.59,180,63,1.04,medium,peak,False
PA0973,YOW,YYZ,2026-11-28,08:15,108.72,120,30,1.17,high,shoulder,True
PA0974,YYZ,YUL,2027-01-27,13:20,120.28,150,121,1.36,high,peak,False
PA0975,YVR,YYZ,2027-03-07,10:45,253.22,220,123,1.42,high,regular,True
PA0976,YYC,YVR,2026-09-21,10:45,134.36,180,77,1.31,high,regular,False
PA0977,YYZ,YUL,2026-11-12,18:35,118.62,220,89,1.15,high,shoulder,False
PA0978,YYC,YYZ,2027-01-04,18:35,201.79,220,103,1.33,high,peak,False
PA0979,YYZ,YOW,2026-12-04,13:20,110.38,180,34,1.23,high,peak,False
PA0980,YYZ,YUL,2026-09-19,13:20,125.05,180,64,1.39,high,regular,True
PA0981,YYZ,YYC,2026-11-08,08:15,234.2,220,93,1.28,high,shoulder,True
PA0982,YHZ,YYZ,2027-02-14,10:45,153.91,220,181,1.06,medium,regular,True
PA0983,YYZ,YVR,2026-10-27,10:45,258.57,180,23,1.19,high,regular,False
PA0984,YHZ,YYZ,2027-01-02,08:15,153.97,220,92,1.1,medium,peak,True
PA0985,YYZ,YHZ,2027-01-22,06:30,182.52,180,137,1.05,medium,peak,False
PA0986,YEG,YYC,2027-03-14,21:05,85.83,120,100,1.08,medium,regular,True
PA0987,YYZ,YHZ,2026-10-29,16:10,176.57,120,33,1.1,medium,regular,False
PA0988,YYC,YVR,2026-10-29,06:30,136.38,180,84,1.22,high,regular,False
PA0989,YVR,YYZ,2026-12-01,10:45,243.53,120,80,1.29,high,peak,False
PA0990,YUL,YYZ,2027-02-18,21:05,127.84,150,140,1.24,high,regular,False
PA0991,YHZ,YYZ,2026-11-26,18:35,180.99,180,56,1.04,medium,shoulder,False
PA0992,YYZ,YVR,2026-10-23,16:10,251.7,180,78,1.3,high,regular,False
PA0993,YYC,YYZ,2026-10-14,08:15,232.98,150,80,1.18,high,regular,False
PA0994,YWG,YYZ,2027-02-22,18:35,143.11,120,112,1.07,medium,regular,False
PA0995,YYZ,YYC,2026-09-22,13:20,233.95,180,50,1.25,high,regular,False
PA0996,YHZ,YUL,2027-01-29,21:05,141.6,180,108,1.06,medium,peak,False
PA0997,YUL,YYZ,2026-11-13,08:15,113.04,150,66,1.17,high,shoulder,False
PA0998,YYZ,YUL,2027-01-04,18:35,126.18,120,46,1.41,high,peak,False
PA0999,YVR,YYZ,2026-11-07,06:30,237.08,120,41,1.15,high,shoulder,True
PA1000,YUL,YYZ,2026-11-21,06:30,110.32,120,52,1.3,high,shoulder,True
